factor_3,factor_4,factor_5,factor_6,original_times,error_percentages,absolute_error,predicted_times
411.0,478.0,559.0,754.0,1280.0,0.09296874999999982,118.99999999999977,1161.0000000000002
1800.0,2420.0,3030.0,3670.0,6470.0,0.04930448222565688,319.0,6151.0
198.0,286.0,373.0,458.0,809.0,0.00420271940667502,3.400000000000091,805.5999999999999
