factor_750,factor_1000,factor_1250,factor_1500,original_times,error_percentages,absolute_error,predicted_times
447.0,556.0,635.0,683.0,1100.0,0.07900000000000008,86.90000000000009,1013.0999999999999
49.5,61.4,51.3,57.6,59.0,0.063728813559322,3.759999999999998,62.76
15.3,16.8,18.2,24.1,21.4,0.5836448598130842,12.490000000000002,33.89
13.0,15.0,16.9,17.4,23.3,0.024892703862660567,0.5799999999999912,23.879999999999992
12.4,13.9,19.0,16.1,20.4,0.2475490196078431,5.049999999999999,15.35
14.1,15.2,16.6,16.1,18.3,0.0693989071038253,1.2700000000000031,19.570000000000004
