factor_3,factor_4,factor_5,factor_6,original_times,error_percentages,absolute_error,predicted_times
1180.0,1430.0,1640.0,3930.0,42400.0,0.8420283018867925,35702.0,6697.999999999998
37.9,28.4,28.8,44.6,228.0,0.8468201754385964,193.075,34.925
29.9,29.2,30.1,64.8,116.0,0.6681034482758621,77.5,38.5
