factor_3,factor_4,factor_5,factor_6,original_times,error_percentages,absolute_error,predicted_times
381.0,464.0,571.0,640.0,999.0,0.0012012012012011328,1.1999999999999318,1000.1999999999999
8330.0,11000.0,13700.0,13300.0,22000.0,0.03327272727272727,732.0,21268.0
24.0,23.1,21.7,18.3,71.8,0.6967270194986073,50.025,21.775
1790.0,2390.0,2770.0,338.0,6890.0,0.7355587808417997,5068.0,1822.0
198.0,275.0,339.0,52.3,816.0,0.7352022058823529,599.925,216.075
5.0,4.76,4.6,5.32,5.42,0.09225092250922509,0.5,4.92
5.24,4.59,5.04,5.93,5.12,0.015625000000000014,0.08000000000000007,5.2
199.0,207.0,213.0,503.0,1020.0,0.23000000000000012,234.60000000000014,785.3999999999999
