factor_3,factor_4,factor_5,factor_6,original_times,error_percentages,absolute_error,predicted_times
8540.0,11300.0,14100.0,18800.0,30800.0,0.02772727272727273,854.0,31654.0
1800.0,2420.0,3040.0,3710.0,6450.0,0.03333333333333333,215.0,6235.0
199.0,286.0,373.0,465.0,809.0,0.010506798516687269,8.5,817.5
5.41,5.09,5.78,6.15,6.22,0.15884244372990375,0.9880000000000013,7.208000000000001
206.0,159.0,205.0,271.0,549.0,0.6170309653916212,338.75,210.25
