factor_3,factor_4,factor_5,factor_6,original_times,error_percentages,absolute_error,predicted_times
8540.0,11300.0,14100.0,18800.0,21300.0,0.4861032863849765,10354.0,31654.0
23.9,23.8,20.8,20.5,38.3,0.41906005221932113,16.049999999999997,22.25
1800.0,2420.0,3040.0,3690.0,6470.0,0.04219474497681607,273.0,6197.0
199.0,285.0,372.0,464.0,805.0,0.012546583850931565,10.099999999999909,815.0999999999999
4.6,5.7,5.35,5.48,5.61,0.05837789661319067,0.3274999999999997,5.282500000000001
154.0,184.0,190.0,778.0,1300.0,0.04569230769230759,59.399999999999864,1359.3999999999999
9.62,10.6,10.4,10.8,15.8,0.22835443037974665,3.607999999999997,12.192000000000004
