Command: python -u main.py nyc-taxi --disable_scheduling
Started: Sun Mar 29 10:49:04 PM PDT 2026
Loaded cell exec info from /scratch/jieq/pandax/ds_notebooks/nyc-taxi/src/intermediate/cell_exec_info.pkl
Loaded cuDF profile info from /scratch/jieq/pandax/ds_notebooks/nyc-taxi/src/intermediate/cudf_profile_info.pkl
Annotated notebook saved to /scratch/jieq/pandax/ds_notebooks/nyc-taxi/src/small_annotated.ipynb
Executing code: %reset -f
Executing code: %reload_ext ElasticNotebook
Executing 3 cells up to cell 0.
========================================================
Checkpointing before runing cell 0.
========================================================
Cell 0
Small pre-checkpoint path: /scratch/jieq/pandax/ds_notebooks/nyc-taxi/src/small_annotated/checkpoints/pre_cell_0.pickle
Small rewritten pre-checkpoint path: /scratch/jieq/pandax/ds_notebooks/nyc-taxi/src/small_annotated/checkpoints/pre_cell_0.pickle
========================================================
Getting original timing for cell 0
Original time for cell 0 took 70.06889414787292 seconds.
Setting initially best_rewritten_post_checkpoint_path:  /scratch/jieq/pandax/ds_notebooks/nyc-taxi/src/small_bench/checkpoints/post_cell_0.pickle
========================================================
Rewriting cell 0... Try 0... 
Manager agent prompt:  
        <Original Code>:
        ### cell 0 ###

benchmark_name = "nyc-taxi"
file_loc = Path(BENCHMARKS_TO_PATHS[benchmark_name]).parent / "input" / "yellow_tripdata.csv"
factor = 0.1
# read file
trip_data = pd.read_csv(file_loc)
trip_data.sample(frac=factor, random_state=0)
trip_data.shape, trip_data.head()
        <Profiling data>:
                     Function  GPU calls  CPU calls
0            read_csv          1          0
1      NDFrame.sample          1          0
2           DataFrame          1          0
3        NDFrame.head          1          0
4  DataFrame.__repr__          1          0

        <Execution time>: 1930.0
        <Active vars>: ['trip_data']

        <Future vars>: []

        <Iteration>: 1/5
    
==========Running the manager agent to decide the next step==========
Choice: new
Reason: The original code doesn't have a rewritten version yet, so we should attempt to optimize it from scratch, especially since there are multiple iterations left.
Generating new code from the original code
Prompt: 
        <Original Code>:
        ### cell 0 ###

benchmark_name = "nyc-taxi"
file_loc = Path(BENCHMARKS_TO_PATHS[benchmark_name]).parent / "input" / "yellow_tripdata.csv"
factor = 0.1
# read file
trip_data = pd.read_csv(file_loc)
trip_data.sample(frac=factor, random_state=0)
trip_data.shape, trip_data.head()
        <Profiling data>:
                     Function  GPU calls  CPU calls
0            read_csv          1          0
1      NDFrame.sample          1          0
2           DataFrame          1          0
3        NDFrame.head          1          0
4  DataFrame.__repr__          1          0

        <Execution time>: 1930.0
        <Active vars>: ['trip_data']

        <Future vars>: []

        <Iteration>: 1/5
    
Code: done
Reason: All operations (read_csv, sample, head) are already executed on the GPU with no CPU calls; no further optimization is necessary.
No Modifications made to the original code
Try 0: calling rewrite agent for cell 0 took 6.543754816055298 seconds.
There is no need to rewrite the cell.
Could not rewrite the cell. Continuing to next cell...
========================================================
After rewriting cell  0
Rewritten post-checkpoint path: /scratch/jieq/pandax/ds_notebooks/nyc-taxi/src/small_bench/checkpoints/post_cell_0.pickle
========================================================
Cell 0 rewriting took 76.61611127853394 seconds.
Getting original timing for cell 1
Original time for cell 1 took 95.08423328399658 seconds.
Setting initially best_rewritten_post_checkpoint_path:  /scratch/jieq/pandax/ds_notebooks/nyc-taxi/src/small_bench/checkpoints/post_cell_1.pickle
========================================================
Rewriting cell 1... Try 0... 
Manager agent prompt:  
        <Original Code>:
        ### cell 1 ###

# print data tail
trip_data.tail()
        <Profiling data>:
                     Function  GPU calls  CPU calls
0        NDFrame.tail          1          0
1  DataFrame.__repr__          1          0

        <Execution time>: 104.0
        <Active vars>: []

        <Future vars>: ['trip_data']

        <Iteration>: 1/5
    
==========Running the manager agent to decide the next step==========
Choice: done
Reason: The code is only calling `.tail()`, which is for debugging purposes. No optimization is required for such operations.
Code is already optimized
Try 0: calling rewrite agent for cell 1 took 1.421520471572876 seconds.
There is no need to rewrite the cell.
Could not rewrite the cell. Continuing to next cell...
========================================================
After rewriting cell  1
Rewritten post-checkpoint path: /scratch/jieq/pandax/ds_notebooks/nyc-taxi/src/small_bench/checkpoints/post_cell_1.pickle
========================================================
Cell 1 rewriting took 96.5095784664154 seconds.
Getting original timing for cell 2
Original time for cell 2 took 94.08318424224854 seconds.
Setting initially best_rewritten_post_checkpoint_path:  /scratch/jieq/pandax/ds_notebooks/nyc-taxi/src/small_bench/checkpoints/post_cell_2.pickle
========================================================
Rewriting cell 2... Try 0... 
Manager agent prompt:  
        <Original Code>:
        ### cell 2 ###

# print data info
trip_data.info()
        <Profiling data>:
                 Function  GPU calls  CPU calls
0  DataFrame.info          1          0

        <Execution time>: 2.85
        <Active vars>: []

        <Future vars>: ['trip_data']

        <Iteration>: 1/5
    
==========Running the manager agent to decide the next step==========
Choice: done
Reason: The code is for printing data information and cannot be meaningfully optimized as it is used for debugging purposes.
Code is already optimized
Try 0: calling rewrite agent for cell 2 took 0.8636653423309326 seconds.
There is no need to rewrite the cell.
Could not rewrite the cell. Continuing to next cell...
========================================================
After rewriting cell  2
Rewritten post-checkpoint path: /scratch/jieq/pandax/ds_notebooks/nyc-taxi/src/small_bench/checkpoints/post_cell_2.pickle
========================================================
Cell 2 rewriting took 94.94915580749512 seconds.
Getting original timing for cell 3
Original time for cell 3 took 106.0878336429596 seconds.
Setting initially best_rewritten_post_checkpoint_path:  /scratch/jieq/pandax/ds_notebooks/nyc-taxi/src/small_bench/checkpoints/post_cell_3.pickle
========================================================
Rewriting cell 3... Try 0... 
Manager agent prompt:  
        <Original Code>:
        ### cell 3 ###

# remove following columns - 'VendorID','RatecodeID','store_and_fwd_flag'
trip_data.drop(["VendorID", "RatecodeID", "store_and_fwd_flag"], axis=1, inplace=True)
# print data head
trip_data.head()
        <Profiling data>:
                     Function  GPU calls  CPU calls
0      DataFrame.drop          1          0
1        NDFrame.head          1          0
2  DataFrame.__repr__          1          0

        <Execution time>: 2.74
        <Active vars>: ['trip_data']

        <Future vars>: []

        <Iteration>: 1/5
    
==========Running the manager agent to decide the next step==========
Choice: new
Reason: The primary operation here is 'drop', which can potentially be optimized further. Also, there's a duration of execution time that suggests room for efficiency improvements.
Generating new code from the original code
Prompt: 
        <Original Code>:
        ### cell 3 ###

# remove following columns - 'VendorID','RatecodeID','store_and_fwd_flag'
trip_data.drop(["VendorID", "RatecodeID", "store_and_fwd_flag"], axis=1, inplace=True)
# print data head
trip_data.head()
        <Profiling data>:
                     Function  GPU calls  CPU calls
0      DataFrame.drop          1          0
1        NDFrame.head          1          0
2  DataFrame.__repr__          1          0

        <Execution time>: 2.74
        <Active vars>: ['trip_data']

        <Future vars>: []

        <Iteration>: 1/5
    
Code: done
Reason: The .drop() and .head() operations are already executed on the GPU via cudf, and there’s no additional vectorized transformation or CPU–GPU transfer to eliminate in this snippet.
No Modifications made to the original code
Try 0: calling rewrite agent for cell 3 took 6.7954301834106445 seconds.
There is no need to rewrite the cell.
Could not rewrite the cell. Continuing to next cell...
========================================================
After rewriting cell  3
Rewritten post-checkpoint path: /scratch/jieq/pandax/ds_notebooks/nyc-taxi/src/small_bench/checkpoints/post_cell_3.pickle
========================================================
Cell 3 rewriting took 112.88631963729858 seconds.
Getting original timing for cell 4
Original time for cell 4 took 78.08854413032532 seconds.
Setting initially best_rewritten_post_checkpoint_path:  /scratch/jieq/pandax/ds_notebooks/nyc-taxi/src/small_bench/checkpoints/post_cell_4.pickle
========================================================
Rewriting cell 4... Try 0... 
Manager agent prompt:  
        <Original Code>:
        ### cell 4 ###

# convert 'tpep_pickup_datetime' and 'tpep_dropoff_datetime' to datetime format
trip_data["tpep_pickup_datetime"] = pd.to_datetime(
    trip_data["tpep_pickup_datetime"], errors="coerce"
)
trip_data["tpep_dropoff_datetime"] = pd.to_datetime(
    trip_data["tpep_dropoff_datetime"], errors="coerce"
)
# print data info
print(trip_data.info())
# print data head
trip_data.head()
        <Profiling data>:
                        Function  GPU calls  CPU calls
0  DataFrame.__getitem__          2          0
1            to_datetime          0          2
2  DataFrame.__setitem__          2          0
3         DataFrame.info          1          0
4           NDFrame.head          1          0
5     DataFrame.__repr__          1          0

        <Execution time>: 4970.0
        <Active vars>: ['trip_data']

        <Future vars>: []

        <Iteration>: 1/5
    
==========Running the manager agent to decide the next step==========
Choice: new
Reason: The code involves conversion of datetime columns and printing operations which cannot be optimized meaningfully. However, we could explore using alternative libraries like cudf for potential enhancements.
Generating new code from the original code
Prompt: 
        <Original Code>:
        ### cell 4 ###

# convert 'tpep_pickup_datetime' and 'tpep_dropoff_datetime' to datetime format
trip_data["tpep_pickup_datetime"] = pd.to_datetime(
    trip_data["tpep_pickup_datetime"], errors="coerce"
)
trip_data["tpep_dropoff_datetime"] = pd.to_datetime(
    trip_data["tpep_dropoff_datetime"], errors="coerce"
)
# print data info
print(trip_data.info())
# print data head
trip_data.head()
        <Profiling data>:
                        Function  GPU calls  CPU calls
0  DataFrame.__getitem__          2          0
1            to_datetime          0          2
2  DataFrame.__setitem__          2          0
3         DataFrame.info          1          0
4           NDFrame.head          1          0
5     DataFrame.__repr__          1          0

        <Execution time>: 4970.0
        <Active vars>: ['trip_data']

        <Future vars>: []

        <Iteration>: 1/5
    
Code: # convert 'tpep_pickup_datetime' and 'tpep_dropoff_datetime' to datetime on the GPU
trip_data["tpep_pickup_datetime"] = trip_data["tpep_pickup_datetime"].astype("datetime64[ns]")
trip_data["tpep_dropoff_datetime"] = trip_data["tpep_dropoff_datetime"].astype("datetime64[ns]")

# print data info and head (these are already GPU‐accelerated)
trip_data.info()
trip_data.head()
Reason: Replaced the CPU‐only pd.to_datetime calls with a GPU‐accelerated .astype('datetime64[ns]') on each column. This eliminates the expensive host-to-device conversion and leverages cuDF’s native datetime casting, while preserving the original behavior of printing DataFrame.info() and showing the head.
Parsed response: # convert 'tpep_pickup_datetime' and 'tpep_dropoff_datetime' to datetime on the GPU
trip_data["tpep_pickup_datetime"] = trip_data["tpep_pickup_datetime"].astype("datetime64[ns]")
trip_data["tpep_dropoff_datetime"] = trip_data["tpep_dropoff_datetime"].astype("datetime64[ns]")

# print data info and head (these are already GPU‐accelerated)
trip_data.info()
trip_data.head()
Try 0: calling rewrite agent for cell 4 took 20.446595430374146 seconds.
Executing rewritten code... ### cell 4 ###

# convert 'tpep_pickup_datetime' and 'tpep_dropoff_datetime' to datetime on the GPU
trip_data["tpep_pickup_datetime"] = trip_data["tpep_pickup_datetime"].astype("datetime64[ns]")
trip_data["tpep_dropoff_datetime"] = trip_data["tpep_dropoff_datetime"].astype("datetime64[ns]")

# print data info and head (these are already GPU‐accelerated)
trip_data.info()
trip_data.head()
Running rewritten cell notebook
Finished executing the rewritten code.
Try 0: executing the rewritten code for cell 4 took 543.2994666099548 seconds.
Rewritten time: 96.3 ms
The rewritten code is correct. Profiling cudf...
Try 0: cudf profiling the rewritten code for cell 4 took 16.037073373794556 seconds.
gpu_calls_orig_perc: 0.7777777777777778, gpu_calls_opt_perc: 1.0
orig_time: 4970.0, opt_time: 96.3
Both the call ratio and the time are better.
Rewritten code took 96.3ms. The previous fastest solution took 4970.0ms.
Previous best solution num GPU and CPU calls:  7 2
New solution num GPU and CPU calls:  9 0
Accepted the rewritten code.
Setting best_rewritten_post_checkpoint_path to  /scratch/jieq/pandax/ds_notebooks/nyc-taxi/src/rewritten/o4_mini_high_small/checkpoints/post_cell_4_try_0.pickle
========================================================
Rewriting cell 4... Try 1... 
Manager agent prompt:  
        <Original Code>:
        ### cell 4 ###

# convert 'tpep_pickup_datetime' and 'tpep_dropoff_datetime' to datetime format
trip_data["tpep_pickup_datetime"] = pd.to_datetime(
    trip_data["tpep_pickup_datetime"], errors="coerce"
)
trip_data["tpep_dropoff_datetime"] = pd.to_datetime(
    trip_data["tpep_dropoff_datetime"], errors="coerce"
)
# print data info
print(trip_data.info())
# print data head
trip_data.head()
        <Profiling data>:
                        Function  GPU calls  CPU calls
0  DataFrame.__getitem__          2          0
1            to_datetime          0          2
2  DataFrame.__setitem__          2          0
3         DataFrame.info          1          0
4           NDFrame.head          1          0
5     DataFrame.__repr__          1          0
        <Execution time>: 4970.0
        <Active Vars>: ['trip_data']
        <Future Vars>: []
        <Rewritten Code>:
        ### cell 4 ###

# convert 'tpep_pickup_datetime' and 'tpep_dropoff_datetime' to datetime on the GPU
trip_data["tpep_pickup_datetime"] = trip_data["tpep_pickup_datetime"].astype("datetime64[ns]")
trip_data["tpep_dropoff_datetime"] = trip_data["tpep_dropoff_datetime"].astype("datetime64[ns]")

# print data info and head (these are already GPU‐accelerated)
trip_data.info()
trip_data.head()
        <Profiling data>:
                        Function  GPU calls  CPU calls
0  DataFrame.__getitem__          2          0
1         NDFrame.astype          2          0
2  DataFrame.__setitem__          2          0
3         DataFrame.info          1          0
4           NDFrame.head          1          0
5     DataFrame.__repr__          1          0
        <Execution time>: 96.3
        <Execution output>: Rewritten time: 96.3 ms
Original time: 4970.0 ms
        <Iteration>: 2/5
    
==========Running the manager agent to decide the next step==========
Choice: optimize
Reason: The rewritten code has significantly improved the execution time by using GPU acceleration for datetime conversion. However, there could be further optimizations possible given there are 3 iterations left, and alternative APIs may exist.
Code optimizer prompt:  
        <Original Code>:
        ### cell 4 ###

# convert 'tpep_pickup_datetime' and 'tpep_dropoff_datetime' to datetime on the GPU
trip_data["tpep_pickup_datetime"] = trip_data["tpep_pickup_datetime"].astype("datetime64[ns]")
trip_data["tpep_dropoff_datetime"] = trip_data["tpep_dropoff_datetime"].astype("datetime64[ns]")

# print data info and head (these are already GPU‐accelerated)
trip_data.info()
trip_data.head()
        <Profiling data>:
                        Function  GPU calls  CPU calls
0  DataFrame.__getitem__          2          0
1         NDFrame.astype          2          0
2  DataFrame.__setitem__          2          0
3         DataFrame.info          1          0
4           NDFrame.head          1          0
5     DataFrame.__repr__          1          0

        <Execution time>: 96.3
        <Active vars>: ['trip_data']

        <Future vars>: []

        <Iteration>: 2/5
    
Optimizing the last generated code
Parsed response: # Convert both datetime columns in a single call to reduce GPU kernel launches
trip_data = trip_data.astype({
    "tpep_pickup_datetime": "datetime64[ns]",
    "tpep_dropoff_datetime": "datetime64[ns]"
})

# print data info and head (GPU‐accelerated)
trip_data.info()
trip_data.head()
Try 1: calling rewrite agent for cell 4 took 11.251461505889893 seconds.
Executing rewritten code... ### cell 4 ###

# Convert both datetime columns in a single call to reduce GPU kernel launches
trip_data = trip_data.astype({
    "tpep_pickup_datetime": "datetime64[ns]",
    "tpep_dropoff_datetime": "datetime64[ns]"
})

# print data info and head (GPU‐accelerated)
trip_data.info()
trip_data.head()
Running rewritten cell notebook
Finished executing the rewritten code.
Try 1: executing the rewritten code for cell 4 took 540.2875652313232 seconds.
Rewritten time: 102.0 ms
The rewritten code is correct. Profiling cudf...
Try 1: cudf profiling the rewritten code for cell 4 took 15.012178182601929 seconds.
gpu_calls_orig_perc: 1.0, gpu_calls_opt_perc: 1.0
orig_time: 96.3, opt_time: 102.0
Ratio improves.
Improvement in percentage does not make up for the slowdown.
Rewritten code took 102.0ms. The previous fastest solution took 4970.0ms.
Previous best solution num GPU and CPU calls:  9 0
New solution num GPU and CPU calls:  4 0
========================================================
Rewriting cell 4... Try 2... 
Manager agent prompt:  
        <Original Code>:
        ### cell 4 ###

# convert 'tpep_pickup_datetime' and 'tpep_dropoff_datetime' to datetime format
trip_data["tpep_pickup_datetime"] = pd.to_datetime(
    trip_data["tpep_pickup_datetime"], errors="coerce"
)
trip_data["tpep_dropoff_datetime"] = pd.to_datetime(
    trip_data["tpep_dropoff_datetime"], errors="coerce"
)
# print data info
print(trip_data.info())
# print data head
trip_data.head()
        <Profiling data>:
                        Function  GPU calls  CPU calls
0  DataFrame.__getitem__          2          0
1            to_datetime          0          2
2  DataFrame.__setitem__          2          0
3         DataFrame.info          1          0
4           NDFrame.head          1          0
5     DataFrame.__repr__          1          0
        <Execution time>: 4970.0
        <Active Vars>: ['trip_data']
        <Future Vars>: []
        <Rewritten Code>:
        ### cell 4 ###

# Convert both datetime columns in a single call to reduce GPU kernel launches
trip_data = trip_data.astype({
    "tpep_pickup_datetime": "datetime64[ns]",
    "tpep_dropoff_datetime": "datetime64[ns]"
})

# print data info and head (GPU‐accelerated)
trip_data.info()
trip_data.head()
        <Profiling data>:
                     Function  GPU calls  CPU calls
0      NDFrame.astype          1          0
1      DataFrame.info          1          0
2        NDFrame.head          1          0
3  DataFrame.__repr__          1          0
        <Execution time>: 102.0
        <Execution output>: Rewritten time: 102.0 ms
Original time: 4970.0 ms
        <Iteration>: 3/5
    
==========Running the manager agent to decide the next step==========
Choice: optimize
Reason: The rewritten code is significantly faster, but there may be additional optimizations possible such as leveraging cudf APIs directly for datetime conversion or batch operations to further enhance performance.
Code optimizer prompt:  
        <Original Code>:
        ### cell 4 ###

# Convert both datetime columns in a single call to reduce GPU kernel launches
trip_data = trip_data.astype({
    "tpep_pickup_datetime": "datetime64[ns]",
    "tpep_dropoff_datetime": "datetime64[ns]"
})

# print data info and head (GPU‐accelerated)
trip_data.info()
trip_data.head()
        <Profiling data>:
                     Function  GPU calls  CPU calls
0      NDFrame.astype          1          0
1      DataFrame.info          1          0
2        NDFrame.head          1          0
3  DataFrame.__repr__          1          0

        <Execution time>: 102.0
        <Active vars>: ['trip_data']

        <Future vars>: []

        <Iteration>: 3/5
    
Optimizing the last generated code
No Modifications made to the original code
Try 2: calling rewrite agent for cell 4 took 7.265600204467773 seconds.
========================================================
After rewriting cell  4
Rewritten post-checkpoint path: /scratch/jieq/pandax/ds_notebooks/nyc-taxi/src/rewritten/o4_mini_high_small/checkpoints/post_cell_4_try_0.pickle
========================================================
Cell 4 rewriting took 1231.7484204769135 seconds.
Getting original timing for cell 5
Original time for cell 5 took 73.06595253944397 seconds.
Setting initially best_rewritten_post_checkpoint_path:  /scratch/jieq/pandax/ds_notebooks/nyc-taxi/src/small_bench/checkpoints/post_cell_5.pickle
========================================================
Rewriting cell 5... Try 0... 
Manager agent prompt:  
        <Original Code>:
        ### cell 5 ###

# create 'duration' column using pd.Timedelta(minutes=1)
trip_data["duration"] = (
    trip_data["tpep_dropoff_datetime"] - trip_data["tpep_pickup_datetime"]
) / pd.Timedelta(minutes=1)
# create 'trip_pickup_hour' column using 'tpep_pickup_datetime' column
trip_data["trip_pickup_hour"] = trip_data["tpep_pickup_datetime"].dt.hour
# create 'trip_dropoff_hour' column using 'tpep_dropoff_datetime' column
trip_data["trip_dropoff_hour"] = trip_data["tpep_dropoff_datetime"].dt.hour
# create 'trip_day' column using 'tpep_pickup_datetime' column - use day_name()
trip_data["trip_day"] = trip_data["tpep_pickup_datetime"].dt.day_name()
# print data info
print(trip_data.info())
# print data head
trip_data.head()
        <Profiling data>:
                                Function  GPU calls  CPU calls
0          DataFrame.__getitem__          5          0
1               OpsMixin.__sub__          1          0
2                      Timedelta          0          1
3           OpsMixin.__truediv__          0          1
4          DataFrame.__setitem__          4          0
5                         Series          3          0
6  PandasDelegate._add_delegate…          1          0
7                 DataFrame.info          1          0
8                   NDFrame.head          1          0
9             DataFrame.__repr__          1          0

        <Execution time>: 167.0
        <Active vars>: ['trip_data']

        <Future vars>: []

        <Iteration>: 1/5
    
==========Running the manager agent to decide the next step==========
Choice: new
Reason: The code can potentially be optimized using CUDA libraries like cuDF for faster execution. This iteration is only 1 out of 5, allowing room for creating a more efficient version from the original code.
Generating new code from the original code
Prompt: 
        <Original Code>:
        ### cell 5 ###

# create 'duration' column using pd.Timedelta(minutes=1)
trip_data["duration"] = (
    trip_data["tpep_dropoff_datetime"] - trip_data["tpep_pickup_datetime"]
) / pd.Timedelta(minutes=1)
# create 'trip_pickup_hour' column using 'tpep_pickup_datetime' column
trip_data["trip_pickup_hour"] = trip_data["tpep_pickup_datetime"].dt.hour
# create 'trip_dropoff_hour' column using 'tpep_dropoff_datetime' column
trip_data["trip_dropoff_hour"] = trip_data["tpep_dropoff_datetime"].dt.hour
# create 'trip_day' column using 'tpep_pickup_datetime' column - use day_name()
trip_data["trip_day"] = trip_data["tpep_pickup_datetime"].dt.day_name()
# print data info
print(trip_data.info())
# print data head
trip_data.head()
        <Profiling data>:
                                Function  GPU calls  CPU calls
0          DataFrame.__getitem__          5          0
1               OpsMixin.__sub__          1          0
2                      Timedelta          0          1
3           OpsMixin.__truediv__          0          1
4          DataFrame.__setitem__          4          0
5                         Series          3          0
6  PandasDelegate._add_delegate…          1          0
7                 DataFrame.info          1          0
8                   NDFrame.head          1          0
9             DataFrame.__repr__          1          0

        <Execution time>: 167.0
        <Active vars>: ['trip_data']

        <Future vars>: []

        <Iteration>: 1/5
    
Code: # calculate duration in minutes on GPU by leveraging nanosecond arithmetic
trip_data["duration"] = (
    (trip_data["tpep_dropoff_datetime"] - trip_data["tpep_pickup_datetime"])  # yields timedelta64[ns]
    .astype('int64')                         # cast to nanoseconds (int64)
    / (60 * 1e9)                             # convert ns → seconds → minutes
)
# extract pickup and dropoff hours and weekday name on GPU
trip_data["trip_pickup_hour"] = trip_data["tpep_pickup_datetime"].dt.hour
trip_data["trip_dropoff_hour"] = trip_data["tpep_dropoff_datetime"].dt.hour
trip_data["trip_day"] = trip_data["tpep_pickup_datetime"].dt.day_name()

# display info and head
print(trip_data.info())
trip_data.head()
Reason: Replaced the CPU‐based pd.Timedelta division with pure GPU arithmetic: subtracting the datetime columns yields a timedelta64[ns] Series on the GPU, casting to int64 gives nanoseconds, and dividing by (60*1e9) converts to minutes—all handled by cuDF. The .dt.hour and .dt.day_name() calls remain GPU operations. This eliminates the CPU calls to Timedelta and truediv from the original code.
Parsed response: # calculate duration in minutes on GPU by leveraging nanosecond arithmetic
trip_data["duration"] = (
    (trip_data["tpep_dropoff_datetime"] - trip_data["tpep_pickup_datetime"])  # yields timedelta64[ns]
    .astype('int64')                         # cast to nanoseconds (int64)
    / (60 * 1e9)                             # convert ns → seconds → minutes
)
# extract pickup and dropoff hours and weekday name on GPU
trip_data["trip_pickup_hour"] = trip_data["tpep_pickup_datetime"].dt.hour
trip_data["trip_dropoff_hour"] = trip_data["tpep_dropoff_datetime"].dt.hour
trip_data["trip_day"] = trip_data["tpep_pickup_datetime"].dt.day_name()

# display info and head
print(trip_data.info())
trip_data.head()
Try 0: calling rewrite agent for cell 5 took 14.407402276992798 seconds.
Executing rewritten code... ### cell 5 ###

# calculate duration in minutes on GPU by leveraging nanosecond arithmetic
trip_data["duration"] = (
    (trip_data["tpep_dropoff_datetime"] - trip_data["tpep_pickup_datetime"])  # yields timedelta64[ns]
    .astype('int64')                         # cast to nanoseconds (int64)
    / (60 * 1e9)                             # convert ns → seconds → minutes
)
# extract pickup and dropoff hours and weekday name on GPU
trip_data["trip_pickup_hour"] = trip_data["tpep_pickup_datetime"].dt.hour
trip_data["trip_dropoff_hour"] = trip_data["tpep_dropoff_datetime"].dt.hour
trip_data["trip_day"] = trip_data["tpep_pickup_datetime"].dt.day_name()

# display info and head
print(trip_data.info())
trip_data.head()
Running rewritten cell notebook
Test failed. An error occurred while executing the following cell:
------------------
trip_data_opt = trip_data
%LoadCheckpoint /scratch/jieq/pandax/ds_notebooks/nyc-taxi/src/small_bench/checkpoints/post_cell_5.pickle
assert compare_df(trip_data_opt, trip_data)

import numpy as np
if os.getenv("USE_GPU") == "True":
    import cudf
from elastic.core.common.pandas import is_type_styler
is_orig_output_pd = isinstance(orig_output, (pd.Series, pd.DataFrame, pd.Index))
is_opt_output_pd = isinstance(opt_output, (pd.Series, pd.DataFrame, pd.Index))
if os.getenv("USE_GPU") == "True":
    is_orig_output_array = isinstance(orig_output, (cudf.pandas._wrappers.numpy.ndarray, np.ndarray))
    is_opt_output_array = isinstance(opt_output, (cudf.pandas._wrappers.numpy.ndarray, np.ndarray))
else:
    is_orig_output_array = isinstance(orig_output, np.ndarray)
    is_opt_output_array = isinstance(opt_output, np.ndarray)

is_orig_output_styler = is_type_styler(type(orig_output))
is_opt_output_styler = is_type_styler(type(opt_output))
if is_orig_output_styler and is_opt_output_styler:
    assert orig_output.to_html() == opt_output.to_html()
elif is_orig_output_styler:
    assert orig_output.to_html() == opt_output.to_html()
elif is_opt_output_styler:
    assert opt_output.to_html() == orig_output

if is_orig_output_pd and is_opt_output_pd:
    assert orig_output.equals(opt_output)
# TODO: this is a hack.
elif ((is_orig_output_pd or is_opt_output_pd) and (is_orig_output_array or is_opt_output_array)) or (is_orig_output_array and is_opt_output_array):
    assert list(orig_output) == list(opt_output)
else:
    assert orig_output == opt_output

------------------

----- stdout -----
trying: ['file_loc']
me:  1
trying: ['orig_output']
me:  12
trying: ['trip_data']
----- stdout -----
me:  11
trying: ['pd']
me:  0
trying: ['Path']
me:  0
trying: ['BENCHMARKS_TO_PATHS']
me:  0
trying: ['factor']
me:  1
trying: ['benchmark_name']
me:  1
----- stdout -----
Declaring variable pd
Declaring variable Path
Declaring variable BENCHMARKS_TO_PATHS
Declaring variable file_loc
Declaring variable factor
Declaring variable benchmark_name
Declaring variable trip_data
Declaring variable orig_output
------------------

[0;31m---------------------------------------------------------------------------[0m
[0;31mAssertionError[0m                            Traceback (most recent call last)
Cell [0;32mIn[9], line 28[0m
[1;32m     25[0m     [38;5;28;01massert[39;00m opt_output[38;5;241m.[39mto_html() [38;5;241m==[39m orig_output
[1;32m     27[0m [38;5;28;01mif[39;00m is_orig_output_pd [38;5;129;01mand[39;00m is_opt_output_pd:
[0;32m---> 28[0m     [38;5;28;01massert[39;00m orig_output[38;5;241m.[39mequals(opt_output)
[1;32m     29[0m [38;5;66;03m# TODO: this is a hack.[39;00m
[1;32m     30[0m [38;5;28;01melif[39;00m ((is_orig_output_pd [38;5;129;01mor[39;00m is_opt_output_pd) [38;5;129;01mand[39;00m (is_orig_output_array [38;5;129;01mor[39;00m is_opt_output_array)) [38;5;129;01mor[39;00m (is_orig_output_array [38;5;129;01mand[39;00m is_opt_output_array):

[0;31mAssertionError[0m: 

Rewritten time: inf ms
========================================================
Rewriting cell 5... Try 1... 
Manager agent prompt:  
        <Original Code>:
        ### cell 5 ###

# create 'duration' column using pd.Timedelta(minutes=1)
trip_data["duration"] = (
    trip_data["tpep_dropoff_datetime"] - trip_data["tpep_pickup_datetime"]
) / pd.Timedelta(minutes=1)
# create 'trip_pickup_hour' column using 'tpep_pickup_datetime' column
trip_data["trip_pickup_hour"] = trip_data["tpep_pickup_datetime"].dt.hour
# create 'trip_dropoff_hour' column using 'tpep_dropoff_datetime' column
trip_data["trip_dropoff_hour"] = trip_data["tpep_dropoff_datetime"].dt.hour
# create 'trip_day' column using 'tpep_pickup_datetime' column - use day_name()
trip_data["trip_day"] = trip_data["tpep_pickup_datetime"].dt.day_name()
# print data info
print(trip_data.info())
# print data head
trip_data.head()
        <Profiling data>:
                                Function  GPU calls  CPU calls
0          DataFrame.__getitem__          5          0
1               OpsMixin.__sub__          1          0
2                      Timedelta          0          1
3           OpsMixin.__truediv__          0          1
4          DataFrame.__setitem__          4          0
5                         Series          3          0
6  PandasDelegate._add_delegate…          1          0
7                 DataFrame.info          1          0
8                   NDFrame.head          1          0
9             DataFrame.__repr__          1          0
        <Execution time>: 167.0
        <Active Vars>: ['trip_data']
        <Future Vars>: []
        <Rewritten Code>:
        ### cell 5 ###

# calculate duration in minutes on GPU by leveraging nanosecond arithmetic
trip_data["duration"] = (
    (trip_data["tpep_dropoff_datetime"] - trip_data["tpep_pickup_datetime"])  # yields timedelta64[ns]
    .astype('int64')                         # cast to nanoseconds (int64)
    / (60 * 1e9)                             # convert ns → seconds → minutes
)
# extract pickup and dropoff hours and weekday name on GPU
trip_data["trip_pickup_hour"] = trip_data["tpep_pickup_datetime"].dt.hour
trip_data["trip_dropoff_hour"] = trip_data["tpep_dropoff_datetime"].dt.hour
trip_data["trip_day"] = trip_data["tpep_pickup_datetime"].dt.day_name()

# display info and head
print(trip_data.info())
trip_data.head()
        <Profiling data>:
        None
        <Execution time>: inf
        <Execution output>: The rewritten code was not equivalent to the original code. An error occurred while executing the following cell:
------------------
trip_data_opt = trip_data
%LoadCheckpoint /scratch/jieq/pandax/ds_notebooks/nyc-taxi/src/small_bench/checkpoints/post_cell_5.pickle
assert compare_df(trip_data_opt, trip_data)

import numpy as np
if os.getenv("USE_GPU") == "True":
    import cudf
from elastic.core.common.pandas import is_type_styler
is_orig_output_pd = isinstance(orig_output, (pd.Series, pd.DataFrame, pd.Index))
is_opt_output_pd = isinstance(opt_output, (pd.Series, pd.DataFrame, pd.Index))
if os.getenv("USE_GPU") == "True":
    is_orig_output_array = isinstance(orig_output, (cudf.pandas._wrappers.numpy.ndarray, np.ndarray))
    is_opt_output_array = isinstance(opt_output, (cudf.pandas._wrappers.numpy.ndarray, np.ndarray))
else:
    is_orig_output_array = isinstance(orig_output, np.ndarray)
    is_opt_output_array = isinstance(opt_output, np.ndarray)

is_orig_output_styler = is_type_styler(type(orig_output))
is_opt_output_styler = is_type_styler(type(opt_output))
if is_orig_output_styler and is_opt_output_styler:
    assert orig_output.to_html() == opt_output.to_html()
elif is_orig_output_styler:
    assert orig_output.to_html() == opt_output.to_html()
elif is_opt_output_styler:
    assert opt_output.to_html() == orig_output

if is_orig_output_pd and is_opt_output_pd:
    assert orig_output.equals(opt_output)
# TODO: this is a hack.
elif ((is_orig_output_pd or is_opt_output_pd) and (is_orig_output_array or is_opt_output_array)) or (is_orig_output_array and is_opt_output_array):
    assert list(orig_output) == list(opt_output)
else:
    assert orig_output == opt_output

------------------

----- stdout -----
trying: ['file_loc']
me:  1
trying: ['orig_output']
me:  12
trying: ['trip_data']
----- stdout -----
me:  11
trying: ['pd']
me:  0
trying: ['Path']
me:  0
trying: ['BENCHMARKS_TO_PATHS']
me:  0
trying: ['factor']
me:  1
trying: ['benchmark_name']
me:  1
----- stdout -----
Declaring variable pd
Declaring variable Path
Declaring variable BENCHMARKS_TO_PATHS
Declaring variable file_loc
Declaring variable factor
Declaring variable benchmark_name
Declaring variable trip_data
Declaring variable orig_output
------------------

[0;31m---------------------------------------------------------------------------[0m
[0;31mAssertionError[0m                            Traceback (most recent call last)
Cell [0;32mIn[9], line 28[0m
[1;32m     25[0m     [38;5;28;01massert[39;00m opt_output[38;5;241m.[39mto_html() [38;5;241m==[39m orig_output
[1;32m     27[0m [38;5;28;01mif[39;00m is_orig_output_pd [38;5;129;01mand[39;00m is_opt_output_pd:
[0;32m---> 28[0m     [38;5;28;01massert[39;00m orig_output[38;5;241m.[39mequals(opt_output)
[1;32m     29[0m [38;5;66;03m# TODO: this is a hack.[39;00m
[1;32m     30[0m [38;5;28;01melif[39;00m ((is_orig_output_pd [38;5;129;01mor[39;00m is_opt_output_pd) [38;5;129;01mand[39;00m (is_orig_output_array [38;5;129;01mor[39;00m is_opt_output_array)) [38;5;129;01mor[39;00m (is_orig_output_array [38;5;129;01mand[39;00m is_opt_output_array):

[0;31mAssertionError[0m: 

        <Iteration>: 2/5
    
==========Running the manager agent to decide the next step==========
Choice: new
Reason: The rewritten code is not equivalent to the original, resulting in errors. We need to attempt a new optimization approach from the original code to create correct functionality.
Generating new code from the original code
Prompt: 
        <Original Code>:
        ### cell 5 ###

# create 'duration' column using pd.Timedelta(minutes=1)
trip_data["duration"] = (
    trip_data["tpep_dropoff_datetime"] - trip_data["tpep_pickup_datetime"]
) / pd.Timedelta(minutes=1)
# create 'trip_pickup_hour' column using 'tpep_pickup_datetime' column
trip_data["trip_pickup_hour"] = trip_data["tpep_pickup_datetime"].dt.hour
# create 'trip_dropoff_hour' column using 'tpep_dropoff_datetime' column
trip_data["trip_dropoff_hour"] = trip_data["tpep_dropoff_datetime"].dt.hour
# create 'trip_day' column using 'tpep_pickup_datetime' column - use day_name()
trip_data["trip_day"] = trip_data["tpep_pickup_datetime"].dt.day_name()
# print data info
print(trip_data.info())
# print data head
trip_data.head()
        <Profiling data>:
                                Function  GPU calls  CPU calls
0          DataFrame.__getitem__          5          0
1               OpsMixin.__sub__          1          0
2                      Timedelta          0          1
3           OpsMixin.__truediv__          0          1
4          DataFrame.__setitem__          4          0
5                         Series          3          0
6  PandasDelegate._add_delegate…          1          0
7                 DataFrame.info          1          0
8                   NDFrame.head          1          0
9             DataFrame.__repr__          1          0

        <Execution time>: 167.0
        <Active vars>: ['trip_data']

        <Future vars>: []

        <Iteration>: 2/5
    
Code: trip_data["duration"] = (trip_data["tpep_dropoff_datetime"] - trip_data["tpep_pickup_datetime"]).dt.total_seconds() / 60
trip_data["trip_pickup_hour"] = trip_data["tpep_pickup_datetime"].dt.hour
trip_data["trip_dropoff_hour"] = trip_data["tpep_dropoff_datetime"].dt.hour
trip_data["trip_day"] = trip_data["tpep_pickup_datetime"].dt.day_name()
print(trip_data.info())
trip_data.head()
Reason: Replaced the CPU-bound pd.Timedelta division with cudf's GPU-accelerated .dt.total_seconds() for computing duration. The other datetime extractions (hour and day_name) already run on the GPU via the dt accessor.
Parsed response: trip_data["duration"] = (trip_data["tpep_dropoff_datetime"] - trip_data["tpep_pickup_datetime"]).dt.total_seconds() / 60
trip_data["trip_pickup_hour"] = trip_data["tpep_pickup_datetime"].dt.hour
trip_data["trip_dropoff_hour"] = trip_data["tpep_dropoff_datetime"].dt.hour
trip_data["trip_day"] = trip_data["tpep_pickup_datetime"].dt.day_name()
print(trip_data.info())
trip_data.head()
Try 1: calling rewrite agent for cell 5 took 17.856879949569702 seconds.
Executing rewritten code... ### cell 5 ###

trip_data["duration"] = (trip_data["tpep_dropoff_datetime"] - trip_data["tpep_pickup_datetime"]).dt.total_seconds() / 60
trip_data["trip_pickup_hour"] = trip_data["tpep_pickup_datetime"].dt.hour
trip_data["trip_dropoff_hour"] = trip_data["tpep_dropoff_datetime"].dt.hour
trip_data["trip_day"] = trip_data["tpep_pickup_datetime"].dt.day_name()
print(trip_data.info())
trip_data.head()
Running rewritten cell notebook
Test failed. An error occurred while executing the following cell:
------------------
trip_data_opt = trip_data
%LoadCheckpoint /scratch/jieq/pandax/ds_notebooks/nyc-taxi/src/small_bench/checkpoints/post_cell_5.pickle
assert compare_df(trip_data_opt, trip_data)

import numpy as np
if os.getenv("USE_GPU") == "True":
    import cudf
from elastic.core.common.pandas import is_type_styler
is_orig_output_pd = isinstance(orig_output, (pd.Series, pd.DataFrame, pd.Index))
is_opt_output_pd = isinstance(opt_output, (pd.Series, pd.DataFrame, pd.Index))
if os.getenv("USE_GPU") == "True":
    is_orig_output_array = isinstance(orig_output, (cudf.pandas._wrappers.numpy.ndarray, np.ndarray))
    is_opt_output_array = isinstance(opt_output, (cudf.pandas._wrappers.numpy.ndarray, np.ndarray))
else:
    is_orig_output_array = isinstance(orig_output, np.ndarray)
    is_opt_output_array = isinstance(opt_output, np.ndarray)

is_orig_output_styler = is_type_styler(type(orig_output))
is_opt_output_styler = is_type_styler(type(opt_output))
if is_orig_output_styler and is_opt_output_styler:
    assert orig_output.to_html() == opt_output.to_html()
elif is_orig_output_styler:
    assert orig_output.to_html() == opt_output.to_html()
elif is_opt_output_styler:
    assert opt_output.to_html() == orig_output

if is_orig_output_pd and is_opt_output_pd:
    assert orig_output.equals(opt_output)
# TODO: this is a hack.
elif ((is_orig_output_pd or is_opt_output_pd) and (is_orig_output_array or is_opt_output_array)) or (is_orig_output_array and is_opt_output_array):
    assert list(orig_output) == list(opt_output)
else:
    assert orig_output == opt_output

------------------

----- stdout -----
trying: ['file_loc']
me:  1
trying: ['orig_output']
me:  12
trying: ['trip_data']
----- stdout -----
me:  11
trying: ['pd']
me:  0
trying: ['Path']
me:  0
trying: ['BENCHMARKS_TO_PATHS']
me:  0
trying: ['factor']
me:  1
trying: ['benchmark_name']
me:  1
----- stdout -----
Declaring variable pd
Declaring variable Path
Declaring variable BENCHMARKS_TO_PATHS
Declaring variable file_loc
Declaring variable factor
Declaring variable benchmark_name
Declaring variable trip_data
Declaring variable orig_output
------------------

[0;31m---------------------------------------------------------------------------[0m
[0;31mAssertionError[0m                            Traceback (most recent call last)
Cell [0;32mIn[9], line 28[0m
[1;32m     25[0m     [38;5;28;01massert[39;00m opt_output[38;5;241m.[39mto_html() [38;5;241m==[39m orig_output
[1;32m     27[0m [38;5;28;01mif[39;00m is_orig_output_pd [38;5;129;01mand[39;00m is_opt_output_pd:
[0;32m---> 28[0m     [38;5;28;01massert[39;00m orig_output[38;5;241m.[39mequals(opt_output)
[1;32m     29[0m [38;5;66;03m# TODO: this is a hack.[39;00m
[1;32m     30[0m [38;5;28;01melif[39;00m ((is_orig_output_pd [38;5;129;01mor[39;00m is_opt_output_pd) [38;5;129;01mand[39;00m (is_orig_output_array [38;5;129;01mor[39;00m is_opt_output_array)) [38;5;129;01mor[39;00m (is_orig_output_array [38;5;129;01mand[39;00m is_opt_output_array):

[0;31mAssertionError[0m: 

Rewritten time: inf ms
========================================================
Rewriting cell 5... Try 2... 
Manager agent prompt:  
        <Original Code>:
        ### cell 5 ###

# create 'duration' column using pd.Timedelta(minutes=1)
trip_data["duration"] = (
    trip_data["tpep_dropoff_datetime"] - trip_data["tpep_pickup_datetime"]
) / pd.Timedelta(minutes=1)
# create 'trip_pickup_hour' column using 'tpep_pickup_datetime' column
trip_data["trip_pickup_hour"] = trip_data["tpep_pickup_datetime"].dt.hour
# create 'trip_dropoff_hour' column using 'tpep_dropoff_datetime' column
trip_data["trip_dropoff_hour"] = trip_data["tpep_dropoff_datetime"].dt.hour
# create 'trip_day' column using 'tpep_pickup_datetime' column - use day_name()
trip_data["trip_day"] = trip_data["tpep_pickup_datetime"].dt.day_name()
# print data info
print(trip_data.info())
# print data head
trip_data.head()
        <Profiling data>:
                                Function  GPU calls  CPU calls
0          DataFrame.__getitem__          5          0
1               OpsMixin.__sub__          1          0
2                      Timedelta          0          1
3           OpsMixin.__truediv__          0          1
4          DataFrame.__setitem__          4          0
5                         Series          3          0
6  PandasDelegate._add_delegate…          1          0
7                 DataFrame.info          1          0
8                   NDFrame.head          1          0
9             DataFrame.__repr__          1          0
        <Execution time>: 167.0
        <Active Vars>: ['trip_data']
        <Future Vars>: []
        <Rewritten Code>:
        ### cell 5 ###

trip_data["duration"] = (trip_data["tpep_dropoff_datetime"] - trip_data["tpep_pickup_datetime"]).dt.total_seconds() / 60
trip_data["trip_pickup_hour"] = trip_data["tpep_pickup_datetime"].dt.hour
trip_data["trip_dropoff_hour"] = trip_data["tpep_dropoff_datetime"].dt.hour
trip_data["trip_day"] = trip_data["tpep_pickup_datetime"].dt.day_name()
print(trip_data.info())
trip_data.head()
        <Profiling data>:
        None
        <Execution time>: inf
        <Execution output>: The rewritten code was not equivalent to the original code. An error occurred while executing the following cell:
------------------
trip_data_opt = trip_data
%LoadCheckpoint /scratch/jieq/pandax/ds_notebooks/nyc-taxi/src/small_bench/checkpoints/post_cell_5.pickle
assert compare_df(trip_data_opt, trip_data)

import numpy as np
if os.getenv("USE_GPU") == "True":
    import cudf
from elastic.core.common.pandas import is_type_styler
is_orig_output_pd = isinstance(orig_output, (pd.Series, pd.DataFrame, pd.Index))
is_opt_output_pd = isinstance(opt_output, (pd.Series, pd.DataFrame, pd.Index))
if os.getenv("USE_GPU") == "True":
    is_orig_output_array = isinstance(orig_output, (cudf.pandas._wrappers.numpy.ndarray, np.ndarray))
    is_opt_output_array = isinstance(opt_output, (cudf.pandas._wrappers.numpy.ndarray, np.ndarray))
else:
    is_orig_output_array = isinstance(orig_output, np.ndarray)
    is_opt_output_array = isinstance(opt_output, np.ndarray)

is_orig_output_styler = is_type_styler(type(orig_output))
is_opt_output_styler = is_type_styler(type(opt_output))
if is_orig_output_styler and is_opt_output_styler:
    assert orig_output.to_html() == opt_output.to_html()
elif is_orig_output_styler:
    assert orig_output.to_html() == opt_output.to_html()
elif is_opt_output_styler:
    assert opt_output.to_html() == orig_output

if is_orig_output_pd and is_opt_output_pd:
    assert orig_output.equals(opt_output)
# TODO: this is a hack.
elif ((is_orig_output_pd or is_opt_output_pd) and (is_orig_output_array or is_opt_output_array)) or (is_orig_output_array and is_opt_output_array):
    assert list(orig_output) == list(opt_output)
else:
    assert orig_output == opt_output

------------------

----- stdout -----
trying: ['file_loc']
me:  1
trying: ['orig_output']
me:  12
trying: ['trip_data']
----- stdout -----
me:  11
trying: ['pd']
me:  0
trying: ['Path']
me:  0
trying: ['BENCHMARKS_TO_PATHS']
me:  0
trying: ['factor']
me:  1
trying: ['benchmark_name']
me:  1
----- stdout -----
Declaring variable pd
Declaring variable Path
Declaring variable BENCHMARKS_TO_PATHS
Declaring variable file_loc
Declaring variable factor
Declaring variable benchmark_name
Declaring variable trip_data
Declaring variable orig_output
------------------

[0;31m---------------------------------------------------------------------------[0m
[0;31mAssertionError[0m                            Traceback (most recent call last)
Cell [0;32mIn[9], line 28[0m
[1;32m     25[0m     [38;5;28;01massert[39;00m opt_output[38;5;241m.[39mto_html() [38;5;241m==[39m orig_output
[1;32m     27[0m [38;5;28;01mif[39;00m is_orig_output_pd [38;5;129;01mand[39;00m is_opt_output_pd:
[0;32m---> 28[0m     [38;5;28;01massert[39;00m orig_output[38;5;241m.[39mequals(opt_output)
[1;32m     29[0m [38;5;66;03m# TODO: this is a hack.[39;00m
[1;32m     30[0m [38;5;28;01melif[39;00m ((is_orig_output_pd [38;5;129;01mor[39;00m is_opt_output_pd) [38;5;129;01mand[39;00m (is_orig_output_array [38;5;129;01mor[39;00m is_opt_output_array)) [38;5;129;01mor[39;00m (is_orig_output_array [38;5;129;01mand[39;00m is_opt_output_array):

[0;31mAssertionError[0m: 

        <Iteration>: 3/5
    
==========Running the manager agent to decide the next step==========
Choice: repair
Reason: There is a rewritten code that encountered an error, and it seems repairable. Since the iteration is not the final one, we should try to fix the rewritten code.
Code fixer prompt:  
        <Original Code>:
        ### cell 5 ###

# create 'duration' column using pd.Timedelta(minutes=1)
trip_data["duration"] = (
    trip_data["tpep_dropoff_datetime"] - trip_data["tpep_pickup_datetime"]
) / pd.Timedelta(minutes=1)
# create 'trip_pickup_hour' column using 'tpep_pickup_datetime' column
trip_data["trip_pickup_hour"] = trip_data["tpep_pickup_datetime"].dt.hour
# create 'trip_dropoff_hour' column using 'tpep_dropoff_datetime' column
trip_data["trip_dropoff_hour"] = trip_data["tpep_dropoff_datetime"].dt.hour
# create 'trip_day' column using 'tpep_pickup_datetime' column - use day_name()
trip_data["trip_day"] = trip_data["tpep_pickup_datetime"].dt.day_name()
# print data info
print(trip_data.info())
# print data head
trip_data.head()
        <Profiling data>:
                                Function  GPU calls  CPU calls
0          DataFrame.__getitem__          5          0
1               OpsMixin.__sub__          1          0
2                      Timedelta          0          1
3           OpsMixin.__truediv__          0          1
4          DataFrame.__setitem__          4          0
5                         Series          3          0
6  PandasDelegate._add_delegate…          1          0
7                 DataFrame.info          1          0
8                   NDFrame.head          1          0
9             DataFrame.__repr__          1          0
        <Execution time>: 167.0
        <Active Vars>: ['trip_data']
        <Future Vars>: []
        <Rewritten Code>:
        ### cell 5 ###

trip_data["duration"] = (trip_data["tpep_dropoff_datetime"] - trip_data["tpep_pickup_datetime"]).dt.total_seconds() / 60
trip_data["trip_pickup_hour"] = trip_data["tpep_pickup_datetime"].dt.hour
trip_data["trip_dropoff_hour"] = trip_data["tpep_dropoff_datetime"].dt.hour
trip_data["trip_day"] = trip_data["tpep_pickup_datetime"].dt.day_name()
print(trip_data.info())
trip_data.head()
        <Profiling data>:
        None
        <Execution time>: inf
        <Execution output>: The rewritten code was not equivalent to the original code. An error occurred while executing the following cell:
------------------
trip_data_opt = trip_data
%LoadCheckpoint /scratch/jieq/pandax/ds_notebooks/nyc-taxi/src/small_bench/checkpoints/post_cell_5.pickle
assert compare_df(trip_data_opt, trip_data)

import numpy as np
if os.getenv("USE_GPU") == "True":
    import cudf
from elastic.core.common.pandas import is_type_styler
is_orig_output_pd = isinstance(orig_output, (pd.Series, pd.DataFrame, pd.Index))
is_opt_output_pd = isinstance(opt_output, (pd.Series, pd.DataFrame, pd.Index))
if os.getenv("USE_GPU") == "True":
    is_orig_output_array = isinstance(orig_output, (cudf.pandas._wrappers.numpy.ndarray, np.ndarray))
    is_opt_output_array = isinstance(opt_output, (cudf.pandas._wrappers.numpy.ndarray, np.ndarray))
else:
    is_orig_output_array = isinstance(orig_output, np.ndarray)
    is_opt_output_array = isinstance(opt_output, np.ndarray)

is_orig_output_styler = is_type_styler(type(orig_output))
is_opt_output_styler = is_type_styler(type(opt_output))
if is_orig_output_styler and is_opt_output_styler:
    assert orig_output.to_html() == opt_output.to_html()
elif is_orig_output_styler:
    assert orig_output.to_html() == opt_output.to_html()
elif is_opt_output_styler:
    assert opt_output.to_html() == orig_output

if is_orig_output_pd and is_opt_output_pd:
    assert orig_output.equals(opt_output)
# TODO: this is a hack.
elif ((is_orig_output_pd or is_opt_output_pd) and (is_orig_output_array or is_opt_output_array)) or (is_orig_output_array and is_opt_output_array):
    assert list(orig_output) == list(opt_output)
else:
    assert orig_output == opt_output

------------------

----- stdout -----
trying: ['file_loc']
me:  1
trying: ['orig_output']
me:  12
trying: ['trip_data']
----- stdout -----
me:  11
trying: ['pd']
me:  0
trying: ['Path']
me:  0
trying: ['BENCHMARKS_TO_PATHS']
me:  0
trying: ['factor']
me:  1
trying: ['benchmark_name']
me:  1
----- stdout -----
Declaring variable pd
Declaring variable Path
Declaring variable BENCHMARKS_TO_PATHS
Declaring variable file_loc
Declaring variable factor
Declaring variable benchmark_name
Declaring variable trip_data
Declaring variable orig_output
------------------

[0;31m---------------------------------------------------------------------------[0m
[0;31mAssertionError[0m                            Traceback (most recent call last)
Cell [0;32mIn[9], line 28[0m
[1;32m     25[0m     [38;5;28;01massert[39;00m opt_output[38;5;241m.[39mto_html() [38;5;241m==[39m orig_output
[1;32m     27[0m [38;5;28;01mif[39;00m is_orig_output_pd [38;5;129;01mand[39;00m is_opt_output_pd:
[0;32m---> 28[0m     [38;5;28;01massert[39;00m orig_output[38;5;241m.[39mequals(opt_output)
[1;32m     29[0m [38;5;66;03m# TODO: this is a hack.[39;00m
[1;32m     30[0m [38;5;28;01melif[39;00m ((is_orig_output_pd [38;5;129;01mor[39;00m is_opt_output_pd) [38;5;129;01mand[39;00m (is_orig_output_array [38;5;129;01mor[39;00m is_opt_output_array)) [38;5;129;01mor[39;00m (is_orig_output_array [38;5;129;01mand[39;00m is_opt_output_array):

[0;31mAssertionError[0m: 

        <Iteration>: 3/5
    
Repairing the last generated code
Code: ### cell 5 ###

# restore the original duration calculation to exactly match the baseline
trip_data["duration"] = (
    trip_data["tpep_dropoff_datetime"] - trip_data["tpep_pickup_datetime"]
) / pd.Timedelta(minutes=1)

# the remaining columns were already correct
trip_data["trip_pickup_hour"] = trip_data["tpep_pickup_datetime"].dt.hour
trip_data["trip_dropoff_hour"] = trip_data["tpep_dropoff_datetime"].dt.hour
trip_data["trip_day"] = trip_data["tpep_pickup_datetime"].dt.day_name()

print(trip_data.info())
trip_data.head()
Reason: The optimized version using `.dt.total_seconds()` produced values that didn’t exactly match the original division-by-Timedelta behavior, causing the DataFrame equality assertion to fail. Reverting to the original `/ pd.Timedelta(minutes=1)` calculation restores byte-for-byte equivalence with the baseline.
Parsed response: ### cell 5 ###

# restore the original duration calculation to exactly match the baseline
trip_data["duration"] = (
    trip_data["tpep_dropoff_datetime"] - trip_data["tpep_pickup_datetime"]
) / pd.Timedelta(minutes=1)

# the remaining columns were already correct
trip_data["trip_pickup_hour"] = trip_data["tpep_pickup_datetime"].dt.hour
trip_data["trip_dropoff_hour"] = trip_data["tpep_dropoff_datetime"].dt.hour
trip_data["trip_day"] = trip_data["tpep_pickup_datetime"].dt.day_name()

print(trip_data.info())
trip_data.head()
Try 2: calling rewrite agent for cell 5 took 34.0009982585907 seconds.
Executing rewritten code... ### cell 5 ###

# restore the original duration calculation to exactly match the baseline
trip_data["duration"] = (
    trip_data["tpep_dropoff_datetime"] - trip_data["tpep_pickup_datetime"]
) / pd.Timedelta(minutes=1)

# the remaining columns were already correct
trip_data["trip_pickup_hour"] = trip_data["tpep_pickup_datetime"].dt.hour
trip_data["trip_dropoff_hour"] = trip_data["tpep_dropoff_datetime"].dt.hour
trip_data["trip_day"] = trip_data["tpep_pickup_datetime"].dt.day_name()

print(trip_data.info())
trip_data.head()
Running rewritten cell notebook
Test failed. An error occurred while executing the following cell:
------------------
trip_data_opt = trip_data
%LoadCheckpoint /scratch/jieq/pandax/ds_notebooks/nyc-taxi/src/small_bench/checkpoints/post_cell_5.pickle
assert compare_df(trip_data_opt, trip_data)

import numpy as np
if os.getenv("USE_GPU") == "True":
    import cudf
from elastic.core.common.pandas import is_type_styler
is_orig_output_pd = isinstance(orig_output, (pd.Series, pd.DataFrame, pd.Index))
is_opt_output_pd = isinstance(opt_output, (pd.Series, pd.DataFrame, pd.Index))
if os.getenv("USE_GPU") == "True":
    is_orig_output_array = isinstance(orig_output, (cudf.pandas._wrappers.numpy.ndarray, np.ndarray))
    is_opt_output_array = isinstance(opt_output, (cudf.pandas._wrappers.numpy.ndarray, np.ndarray))
else:
    is_orig_output_array = isinstance(orig_output, np.ndarray)
    is_opt_output_array = isinstance(opt_output, np.ndarray)

is_orig_output_styler = is_type_styler(type(orig_output))
is_opt_output_styler = is_type_styler(type(opt_output))
if is_orig_output_styler and is_opt_output_styler:
    assert orig_output.to_html() == opt_output.to_html()
elif is_orig_output_styler:
    assert orig_output.to_html() == opt_output.to_html()
elif is_opt_output_styler:
    assert opt_output.to_html() == orig_output

if is_orig_output_pd and is_opt_output_pd:
    assert orig_output.equals(opt_output)
# TODO: this is a hack.
elif ((is_orig_output_pd or is_opt_output_pd) and (is_orig_output_array or is_opt_output_array)) or (is_orig_output_array and is_opt_output_array):
    assert list(orig_output) == list(opt_output)
else:
    assert orig_output == opt_output

------------------

----- stdout -----
trying: ['file_loc']
me:  1
trying: ['orig_output']
me:  12
trying: ['trip_data']
----- stdout -----
me:  11
trying: ['pd']
me:  0
trying: ['Path']
me:  0
trying: ['BENCHMARKS_TO_PATHS']
me:  0
trying: ['factor']
me:  1
trying: ['benchmark_name']
me:  1
----- stdout -----
Declaring variable pd
Declaring variable Path
Declaring variable BENCHMARKS_TO_PATHS
Declaring variable file_loc
Declaring variable factor
Declaring variable benchmark_name
Declaring variable trip_data
Declaring variable orig_output
------------------

[0;31m---------------------------------------------------------------------------[0m
[0;31mAssertionError[0m                            Traceback (most recent call last)
Cell [0;32mIn[9], line 28[0m
[1;32m     25[0m     [38;5;28;01massert[39;00m opt_output[38;5;241m.[39mto_html() [38;5;241m==[39m orig_output
[1;32m     27[0m [38;5;28;01mif[39;00m is_orig_output_pd [38;5;129;01mand[39;00m is_opt_output_pd:
[0;32m---> 28[0m     [38;5;28;01massert[39;00m orig_output[38;5;241m.[39mequals(opt_output)
[1;32m     29[0m [38;5;66;03m# TODO: this is a hack.[39;00m
[1;32m     30[0m [38;5;28;01melif[39;00m ((is_orig_output_pd [38;5;129;01mor[39;00m is_opt_output_pd) [38;5;129;01mand[39;00m (is_orig_output_array [38;5;129;01mor[39;00m is_opt_output_array)) [38;5;129;01mor[39;00m (is_orig_output_array [38;5;129;01mand[39;00m is_opt_output_array):

[0;31mAssertionError[0m: 

Rewritten time: inf ms
========================================================
Rewriting cell 5... Try 3... 
Manager agent prompt:  
        <Original Code>:
        ### cell 5 ###

# create 'duration' column using pd.Timedelta(minutes=1)
trip_data["duration"] = (
    trip_data["tpep_dropoff_datetime"] - trip_data["tpep_pickup_datetime"]
) / pd.Timedelta(minutes=1)
# create 'trip_pickup_hour' column using 'tpep_pickup_datetime' column
trip_data["trip_pickup_hour"] = trip_data["tpep_pickup_datetime"].dt.hour
# create 'trip_dropoff_hour' column using 'tpep_dropoff_datetime' column
trip_data["trip_dropoff_hour"] = trip_data["tpep_dropoff_datetime"].dt.hour
# create 'trip_day' column using 'tpep_pickup_datetime' column - use day_name()
trip_data["trip_day"] = trip_data["tpep_pickup_datetime"].dt.day_name()
# print data info
print(trip_data.info())
# print data head
trip_data.head()
        <Profiling data>:
                                Function  GPU calls  CPU calls
0          DataFrame.__getitem__          5          0
1               OpsMixin.__sub__          1          0
2                      Timedelta          0          1
3           OpsMixin.__truediv__          0          1
4          DataFrame.__setitem__          4          0
5                         Series          3          0
6  PandasDelegate._add_delegate…          1          0
7                 DataFrame.info          1          0
8                   NDFrame.head          1          0
9             DataFrame.__repr__          1          0
        <Execution time>: 167.0
        <Active Vars>: ['trip_data']
        <Future Vars>: []
        <Rewritten Code>:
        ### cell 5 ###

# restore the original duration calculation to exactly match the baseline
trip_data["duration"] = (
    trip_data["tpep_dropoff_datetime"] - trip_data["tpep_pickup_datetime"]
) / pd.Timedelta(minutes=1)

# the remaining columns were already correct
trip_data["trip_pickup_hour"] = trip_data["tpep_pickup_datetime"].dt.hour
trip_data["trip_dropoff_hour"] = trip_data["tpep_dropoff_datetime"].dt.hour
trip_data["trip_day"] = trip_data["tpep_pickup_datetime"].dt.day_name()

print(trip_data.info())
trip_data.head()
        <Profiling data>:
        None
        <Execution time>: inf
        <Execution output>: The rewritten code was not equivalent to the original code. An error occurred while executing the following cell:
------------------
trip_data_opt = trip_data
%LoadCheckpoint /scratch/jieq/pandax/ds_notebooks/nyc-taxi/src/small_bench/checkpoints/post_cell_5.pickle
assert compare_df(trip_data_opt, trip_data)

import numpy as np
if os.getenv("USE_GPU") == "True":
    import cudf
from elastic.core.common.pandas import is_type_styler
is_orig_output_pd = isinstance(orig_output, (pd.Series, pd.DataFrame, pd.Index))
is_opt_output_pd = isinstance(opt_output, (pd.Series, pd.DataFrame, pd.Index))
if os.getenv("USE_GPU") == "True":
    is_orig_output_array = isinstance(orig_output, (cudf.pandas._wrappers.numpy.ndarray, np.ndarray))
    is_opt_output_array = isinstance(opt_output, (cudf.pandas._wrappers.numpy.ndarray, np.ndarray))
else:
    is_orig_output_array = isinstance(orig_output, np.ndarray)
    is_opt_output_array = isinstance(opt_output, np.ndarray)

is_orig_output_styler = is_type_styler(type(orig_output))
is_opt_output_styler = is_type_styler(type(opt_output))
if is_orig_output_styler and is_opt_output_styler:
    assert orig_output.to_html() == opt_output.to_html()
elif is_orig_output_styler:
    assert orig_output.to_html() == opt_output.to_html()
elif is_opt_output_styler:
    assert opt_output.to_html() == orig_output

if is_orig_output_pd and is_opt_output_pd:
    assert orig_output.equals(opt_output)
# TODO: this is a hack.
elif ((is_orig_output_pd or is_opt_output_pd) and (is_orig_output_array or is_opt_output_array)) or (is_orig_output_array and is_opt_output_array):
    assert list(orig_output) == list(opt_output)
else:
    assert orig_output == opt_output

------------------

----- stdout -----
trying: ['file_loc']
me:  1
trying: ['orig_output']
me:  12
trying: ['trip_data']
----- stdout -----
me:  11
trying: ['pd']
me:  0
trying: ['Path']
me:  0
trying: ['BENCHMARKS_TO_PATHS']
me:  0
trying: ['factor']
me:  1
trying: ['benchmark_name']
me:  1
----- stdout -----
Declaring variable pd
Declaring variable Path
Declaring variable BENCHMARKS_TO_PATHS
Declaring variable file_loc
Declaring variable factor
Declaring variable benchmark_name
Declaring variable trip_data
Declaring variable orig_output
------------------

[0;31m---------------------------------------------------------------------------[0m
[0;31mAssertionError[0m                            Traceback (most recent call last)
Cell [0;32mIn[9], line 28[0m
[1;32m     25[0m     [38;5;28;01massert[39;00m opt_output[38;5;241m.[39mto_html() [38;5;241m==[39m orig_output
[1;32m     27[0m [38;5;28;01mif[39;00m is_orig_output_pd [38;5;129;01mand[39;00m is_opt_output_pd:
[0;32m---> 28[0m     [38;5;28;01massert[39;00m orig_output[38;5;241m.[39mequals(opt_output)
[1;32m     29[0m [38;5;66;03m# TODO: this is a hack.[39;00m
[1;32m     30[0m [38;5;28;01melif[39;00m ((is_orig_output_pd [38;5;129;01mor[39;00m is_opt_output_pd) [38;5;129;01mand[39;00m (is_orig_output_array [38;5;129;01mor[39;00m is_opt_output_array)) [38;5;129;01mor[39;00m (is_orig_output_array [38;5;129;01mand[39;00m is_opt_output_array):

[0;31mAssertionError[0m: 

        <Iteration>: 4/5
    
==========Running the manager agent to decide the next step==========
Choice: new
Reason: The rewritten code is not equivalent to the original and contains errors. We should try to generate a new optimized code from the original to improve performance without errors.
Generating new code from the original code
Prompt: 
        <Original Code>:
        ### cell 5 ###

# create 'duration' column using pd.Timedelta(minutes=1)
trip_data["duration"] = (
    trip_data["tpep_dropoff_datetime"] - trip_data["tpep_pickup_datetime"]
) / pd.Timedelta(minutes=1)
# create 'trip_pickup_hour' column using 'tpep_pickup_datetime' column
trip_data["trip_pickup_hour"] = trip_data["tpep_pickup_datetime"].dt.hour
# create 'trip_dropoff_hour' column using 'tpep_dropoff_datetime' column
trip_data["trip_dropoff_hour"] = trip_data["tpep_dropoff_datetime"].dt.hour
# create 'trip_day' column using 'tpep_pickup_datetime' column - use day_name()
trip_data["trip_day"] = trip_data["tpep_pickup_datetime"].dt.day_name()
# print data info
print(trip_data.info())
# print data head
trip_data.head()
        <Profiling data>:
                                Function  GPU calls  CPU calls
0          DataFrame.__getitem__          5          0
1               OpsMixin.__sub__          1          0
2                      Timedelta          0          1
3           OpsMixin.__truediv__          0          1
4          DataFrame.__setitem__          4          0
5                         Series          3          0
6  PandasDelegate._add_delegate…          1          0
7                 DataFrame.info          1          0
8                   NDFrame.head          1          0
9             DataFrame.__repr__          1          0

        <Execution time>: 167.0
        <Active vars>: ['trip_data']

        <Future vars>: []

        <Iteration>: 4/5
    
Code: ### cell 5 ###

# compute duration in minutes entirely on GPU (avoid pd.Timedelta CPU fallback)
trip_data["duration"] = (
    (trip_data["tpep_dropoff_datetime"] - trip_data["tpep_pickup_datetime"])  
    .astype("int64")  # delta in nanoseconds
    / 60000000000      # convert ns → minutes
)

# extract pickup/dropoff hour and day name on GPU
trip_data["trip_pickup_hour"]  = trip_data["tpep_pickup_datetime"].dt.hour
trip_data["trip_dropoff_hour"] = trip_data["tpep_dropoff_datetime"].dt.hour
trip_data["trip_day"]          = trip_data["tpep_pickup_datetime"].dt.day_name()

# inspect
print(trip_data.info())
trip_data.head()
Reason: Replaced the pd.Timedelta-based division (which triggered CPU calls for Timedelta construction and __truediv__) with a pure‐GPU compute: cast the timedelta64[ns] result to int64 (nanoseconds) and divide by the scalar 60e9 to get minutes. The dt.hour and dt.day_name() calls remain, which are natively supported on GPU. This removes the Python/CPU Timedelta overhead and keeps the entire pipeline on the GPU.
Parsed response: ### cell 5 ###

# compute duration in minutes entirely on GPU (avoid pd.Timedelta CPU fallback)
trip_data["duration"] = (
    (trip_data["tpep_dropoff_datetime"] - trip_data["tpep_pickup_datetime"])  
    .astype("int64")  # delta in nanoseconds
    / 60000000000      # convert ns → minutes
)

# extract pickup/dropoff hour and day name on GPU
trip_data["trip_pickup_hour"]  = trip_data["tpep_pickup_datetime"].dt.hour
trip_data["trip_dropoff_hour"] = trip_data["tpep_dropoff_datetime"].dt.hour
trip_data["trip_day"]          = trip_data["tpep_pickup_datetime"].dt.day_name()

# inspect
print(trip_data.info())
trip_data.head()
Try 3: calling rewrite agent for cell 5 took 21.91607928276062 seconds.
Executing rewritten code... ### cell 5 ###

# compute duration in minutes entirely on GPU (avoid pd.Timedelta CPU fallback)
trip_data["duration"] = (
    (trip_data["tpep_dropoff_datetime"] - trip_data["tpep_pickup_datetime"])  
    .astype("int64")  # delta in nanoseconds
    / 60000000000      # convert ns → minutes
)

# extract pickup/dropoff hour and day name on GPU
trip_data["trip_pickup_hour"]  = trip_data["tpep_pickup_datetime"].dt.hour
trip_data["trip_dropoff_hour"] = trip_data["tpep_dropoff_datetime"].dt.hour
trip_data["trip_day"]          = trip_data["tpep_pickup_datetime"].dt.day_name()

# inspect
print(trip_data.info())
trip_data.head()
Running rewritten cell notebook
Test failed. An error occurred while executing the following cell:
------------------
trip_data_opt = trip_data
%LoadCheckpoint /scratch/jieq/pandax/ds_notebooks/nyc-taxi/src/small_bench/checkpoints/post_cell_5.pickle
assert compare_df(trip_data_opt, trip_data)

import numpy as np
if os.getenv("USE_GPU") == "True":
    import cudf
from elastic.core.common.pandas import is_type_styler
is_orig_output_pd = isinstance(orig_output, (pd.Series, pd.DataFrame, pd.Index))
is_opt_output_pd = isinstance(opt_output, (pd.Series, pd.DataFrame, pd.Index))
if os.getenv("USE_GPU") == "True":
    is_orig_output_array = isinstance(orig_output, (cudf.pandas._wrappers.numpy.ndarray, np.ndarray))
    is_opt_output_array = isinstance(opt_output, (cudf.pandas._wrappers.numpy.ndarray, np.ndarray))
else:
    is_orig_output_array = isinstance(orig_output, np.ndarray)
    is_opt_output_array = isinstance(opt_output, np.ndarray)

is_orig_output_styler = is_type_styler(type(orig_output))
is_opt_output_styler = is_type_styler(type(opt_output))
if is_orig_output_styler and is_opt_output_styler:
    assert orig_output.to_html() == opt_output.to_html()
elif is_orig_output_styler:
    assert orig_output.to_html() == opt_output.to_html()
elif is_opt_output_styler:
    assert opt_output.to_html() == orig_output

if is_orig_output_pd and is_opt_output_pd:
    assert orig_output.equals(opt_output)
# TODO: this is a hack.
elif ((is_orig_output_pd or is_opt_output_pd) and (is_orig_output_array or is_opt_output_array)) or (is_orig_output_array and is_opt_output_array):
    assert list(orig_output) == list(opt_output)
else:
    assert orig_output == opt_output

------------------

----- stdout -----
trying: ['file_loc']
me:  1
trying: ['orig_output']
me:  12
trying: ['trip_data']
----- stdout -----
me:  11
trying: ['pd']
me:  0
trying: ['Path']
me:  0
trying: ['BENCHMARKS_TO_PATHS']
me:  0
trying: ['factor']
me:  1
trying: ['benchmark_name']
me:  1
----- stdout -----
Declaring variable pd
Declaring variable Path
Declaring variable BENCHMARKS_TO_PATHS
Declaring variable file_loc
Declaring variable factor
Declaring variable benchmark_name
Declaring variable trip_data
Declaring variable orig_output
------------------

[0;31m---------------------------------------------------------------------------[0m
[0;31mAssertionError[0m                            Traceback (most recent call last)
Cell [0;32mIn[9], line 28[0m
[1;32m     25[0m     [38;5;28;01massert[39;00m opt_output[38;5;241m.[39mto_html() [38;5;241m==[39m orig_output
[1;32m     27[0m [38;5;28;01mif[39;00m is_orig_output_pd [38;5;129;01mand[39;00m is_opt_output_pd:
[0;32m---> 28[0m     [38;5;28;01massert[39;00m orig_output[38;5;241m.[39mequals(opt_output)
[1;32m     29[0m [38;5;66;03m# TODO: this is a hack.[39;00m
[1;32m     30[0m [38;5;28;01melif[39;00m ((is_orig_output_pd [38;5;129;01mor[39;00m is_opt_output_pd) [38;5;129;01mand[39;00m (is_orig_output_array [38;5;129;01mor[39;00m is_opt_output_array)) [38;5;129;01mor[39;00m (is_orig_output_array [38;5;129;01mand[39;00m is_opt_output_array):

[0;31mAssertionError[0m: 

Rewritten time: inf ms
========================================================
Rewriting cell 5... Try 4... 
Manager agent prompt:  
        <Original Code>:
        ### cell 5 ###

# create 'duration' column using pd.Timedelta(minutes=1)
trip_data["duration"] = (
    trip_data["tpep_dropoff_datetime"] - trip_data["tpep_pickup_datetime"]
) / pd.Timedelta(minutes=1)
# create 'trip_pickup_hour' column using 'tpep_pickup_datetime' column
trip_data["trip_pickup_hour"] = trip_data["tpep_pickup_datetime"].dt.hour
# create 'trip_dropoff_hour' column using 'tpep_dropoff_datetime' column
trip_data["trip_dropoff_hour"] = trip_data["tpep_dropoff_datetime"].dt.hour
# create 'trip_day' column using 'tpep_pickup_datetime' column - use day_name()
trip_data["trip_day"] = trip_data["tpep_pickup_datetime"].dt.day_name()
# print data info
print(trip_data.info())
# print data head
trip_data.head()
        <Profiling data>:
                                Function  GPU calls  CPU calls
0          DataFrame.__getitem__          5          0
1               OpsMixin.__sub__          1          0
2                      Timedelta          0          1
3           OpsMixin.__truediv__          0          1
4          DataFrame.__setitem__          4          0
5                         Series          3          0
6  PandasDelegate._add_delegate…          1          0
7                 DataFrame.info          1          0
8                   NDFrame.head          1          0
9             DataFrame.__repr__          1          0
        <Execution time>: 167.0
        <Active Vars>: ['trip_data']
        <Future Vars>: []
        <Rewritten Code>:
        ### cell 5 ###

# compute duration in minutes entirely on GPU (avoid pd.Timedelta CPU fallback)
trip_data["duration"] = (
    (trip_data["tpep_dropoff_datetime"] - trip_data["tpep_pickup_datetime"])  
    .astype("int64")  # delta in nanoseconds
    / 60000000000      # convert ns → minutes
)

# extract pickup/dropoff hour and day name on GPU
trip_data["trip_pickup_hour"]  = trip_data["tpep_pickup_datetime"].dt.hour
trip_data["trip_dropoff_hour"] = trip_data["tpep_dropoff_datetime"].dt.hour
trip_data["trip_day"]          = trip_data["tpep_pickup_datetime"].dt.day_name()

# inspect
print(trip_data.info())
trip_data.head()
        <Profiling data>:
        None
        <Execution time>: inf
        <Execution output>: The rewritten code was not equivalent to the original code. An error occurred while executing the following cell:
------------------
trip_data_opt = trip_data
%LoadCheckpoint /scratch/jieq/pandax/ds_notebooks/nyc-taxi/src/small_bench/checkpoints/post_cell_5.pickle
assert compare_df(trip_data_opt, trip_data)

import numpy as np
if os.getenv("USE_GPU") == "True":
    import cudf
from elastic.core.common.pandas import is_type_styler
is_orig_output_pd = isinstance(orig_output, (pd.Series, pd.DataFrame, pd.Index))
is_opt_output_pd = isinstance(opt_output, (pd.Series, pd.DataFrame, pd.Index))
if os.getenv("USE_GPU") == "True":
    is_orig_output_array = isinstance(orig_output, (cudf.pandas._wrappers.numpy.ndarray, np.ndarray))
    is_opt_output_array = isinstance(opt_output, (cudf.pandas._wrappers.numpy.ndarray, np.ndarray))
else:
    is_orig_output_array = isinstance(orig_output, np.ndarray)
    is_opt_output_array = isinstance(opt_output, np.ndarray)

is_orig_output_styler = is_type_styler(type(orig_output))
is_opt_output_styler = is_type_styler(type(opt_output))
if is_orig_output_styler and is_opt_output_styler:
    assert orig_output.to_html() == opt_output.to_html()
elif is_orig_output_styler:
    assert orig_output.to_html() == opt_output.to_html()
elif is_opt_output_styler:
    assert opt_output.to_html() == orig_output

if is_orig_output_pd and is_opt_output_pd:
    assert orig_output.equals(opt_output)
# TODO: this is a hack.
elif ((is_orig_output_pd or is_opt_output_pd) and (is_orig_output_array or is_opt_output_array)) or (is_orig_output_array and is_opt_output_array):
    assert list(orig_output) == list(opt_output)
else:
    assert orig_output == opt_output

------------------

----- stdout -----
trying: ['file_loc']
me:  1
trying: ['orig_output']
me:  12
trying: ['trip_data']
----- stdout -----
me:  11
trying: ['pd']
me:  0
trying: ['Path']
me:  0
trying: ['BENCHMARKS_TO_PATHS']
me:  0
trying: ['factor']
me:  1
trying: ['benchmark_name']
me:  1
----- stdout -----
Declaring variable pd
Declaring variable Path
Declaring variable BENCHMARKS_TO_PATHS
Declaring variable file_loc
Declaring variable factor
Declaring variable benchmark_name
Declaring variable trip_data
Declaring variable orig_output
------------------

[0;31m---------------------------------------------------------------------------[0m
[0;31mAssertionError[0m                            Traceback (most recent call last)
Cell [0;32mIn[9], line 28[0m
[1;32m     25[0m     [38;5;28;01massert[39;00m opt_output[38;5;241m.[39mto_html() [38;5;241m==[39m orig_output
[1;32m     27[0m [38;5;28;01mif[39;00m is_orig_output_pd [38;5;129;01mand[39;00m is_opt_output_pd:
[0;32m---> 28[0m     [38;5;28;01massert[39;00m orig_output[38;5;241m.[39mequals(opt_output)
[1;32m     29[0m [38;5;66;03m# TODO: this is a hack.[39;00m
[1;32m     30[0m [38;5;28;01melif[39;00m ((is_orig_output_pd [38;5;129;01mor[39;00m is_opt_output_pd) [38;5;129;01mand[39;00m (is_orig_output_array [38;5;129;01mor[39;00m is_opt_output_array)) [38;5;129;01mor[39;00m (is_orig_output_array [38;5;129;01mand[39;00m is_opt_output_array):

[0;31mAssertionError[0m: 

        <Iteration>: 5/5
    
==========Running the manager agent to decide the next step==========
Choice: new
Reason: The rewritten code is not equivalent to the original, causing errors. As we are at the final iteration, it's better to generate new optimized code from the original.
Generating new code from the original code
Prompt: 
        <Original Code>:
        ### cell 5 ###

# create 'duration' column using pd.Timedelta(minutes=1)
trip_data["duration"] = (
    trip_data["tpep_dropoff_datetime"] - trip_data["tpep_pickup_datetime"]
) / pd.Timedelta(minutes=1)
# create 'trip_pickup_hour' column using 'tpep_pickup_datetime' column
trip_data["trip_pickup_hour"] = trip_data["tpep_pickup_datetime"].dt.hour
# create 'trip_dropoff_hour' column using 'tpep_dropoff_datetime' column
trip_data["trip_dropoff_hour"] = trip_data["tpep_dropoff_datetime"].dt.hour
# create 'trip_day' column using 'tpep_pickup_datetime' column - use day_name()
trip_data["trip_day"] = trip_data["tpep_pickup_datetime"].dt.day_name()
# print data info
print(trip_data.info())
# print data head
trip_data.head()
        <Profiling data>:
                                Function  GPU calls  CPU calls
0          DataFrame.__getitem__          5          0
1               OpsMixin.__sub__          1          0
2                      Timedelta          0          1
3           OpsMixin.__truediv__          0          1
4          DataFrame.__setitem__          4          0
5                         Series          3          0
6  PandasDelegate._add_delegate…          1          0
7                 DataFrame.info          1          0
8                   NDFrame.head          1          0
9             DataFrame.__repr__          1          0

        <Execution time>: 167.0
        <Active vars>: ['trip_data']

        <Future vars>: []

        <Iteration>: 5/5
    
Code: ### cell 5 (GPU‐optimized)
# compute trip duration in minutes using GPU-native .dt.total_seconds()
trip_data["duration"] = (
    (trip_data["tpep_dropoff_datetime"] - trip_data["tpep_pickup_datetime"])  
    .dt.total_seconds() / 60
)
# extract pickup and dropoff hours (GPU)
trip_data["trip_pickup_hour"]  = trip_data["tpep_pickup_datetime"].dt.hour
trip_data["trip_dropoff_hour"] = trip_data["tpep_dropoff_datetime"].dt.hour
# extract day name of the week (GPU)
trip_data["trip_day"] = trip_data["tpep_pickup_datetime"].dt.day_name()

# inspect
data_info = trip_data.info()
print(data_info)
trip_data.head()
Reason: We removed the CPU–bound pd.Timedelta and the Python-level division by replacing them with .dt.total_seconds()/60, which is implemented on the GPU. All of the other dt accessor calls remain GPU-native, so we minimize CPU round-trips and keep the logic identical.
Parsed response: ### cell 5 (GPU‐optimized)
# compute trip duration in minutes using GPU-native .dt.total_seconds()
trip_data["duration"] = (
    (trip_data["tpep_dropoff_datetime"] - trip_data["tpep_pickup_datetime"])  
    .dt.total_seconds() / 60
)
# extract pickup and dropoff hours (GPU)
trip_data["trip_pickup_hour"]  = trip_data["tpep_pickup_datetime"].dt.hour
trip_data["trip_dropoff_hour"] = trip_data["tpep_dropoff_datetime"].dt.hour
# extract day name of the week (GPU)
trip_data["trip_day"] = trip_data["tpep_pickup_datetime"].dt.day_name()

# inspect
data_info = trip_data.info()
print(data_info)
trip_data.head()
Try 4: calling rewrite agent for cell 5 took 22.560688495635986 seconds.
Executing rewritten code... ### cell 5 ###

### cell 5 (GPU‐optimized)
# compute trip duration in minutes using GPU-native .dt.total_seconds()
trip_data["duration"] = (
    (trip_data["tpep_dropoff_datetime"] - trip_data["tpep_pickup_datetime"])  
    .dt.total_seconds() / 60
)
# extract pickup and dropoff hours (GPU)
trip_data["trip_pickup_hour"]  = trip_data["tpep_pickup_datetime"].dt.hour
trip_data["trip_dropoff_hour"] = trip_data["tpep_dropoff_datetime"].dt.hour
# extract day name of the week (GPU)
trip_data["trip_day"] = trip_data["tpep_pickup_datetime"].dt.day_name()

# inspect
data_info = trip_data.info()
print(data_info)
trip_data.head()
Running rewritten cell notebook
Test failed. An error occurred while executing the following cell:
------------------
trip_data_opt = trip_data
%LoadCheckpoint /scratch/jieq/pandax/ds_notebooks/nyc-taxi/src/small_bench/checkpoints/post_cell_5.pickle
assert compare_df(trip_data_opt, trip_data)

import numpy as np
if os.getenv("USE_GPU") == "True":
    import cudf
from elastic.core.common.pandas import is_type_styler
is_orig_output_pd = isinstance(orig_output, (pd.Series, pd.DataFrame, pd.Index))
is_opt_output_pd = isinstance(opt_output, (pd.Series, pd.DataFrame, pd.Index))
if os.getenv("USE_GPU") == "True":
    is_orig_output_array = isinstance(orig_output, (cudf.pandas._wrappers.numpy.ndarray, np.ndarray))
    is_opt_output_array = isinstance(opt_output, (cudf.pandas._wrappers.numpy.ndarray, np.ndarray))
else:
    is_orig_output_array = isinstance(orig_output, np.ndarray)
    is_opt_output_array = isinstance(opt_output, np.ndarray)

is_orig_output_styler = is_type_styler(type(orig_output))
is_opt_output_styler = is_type_styler(type(opt_output))
if is_orig_output_styler and is_opt_output_styler:
    assert orig_output.to_html() == opt_output.to_html()
elif is_orig_output_styler:
    assert orig_output.to_html() == opt_output.to_html()
elif is_opt_output_styler:
    assert opt_output.to_html() == orig_output

if is_orig_output_pd and is_opt_output_pd:
    assert orig_output.equals(opt_output)
# TODO: this is a hack.
elif ((is_orig_output_pd or is_opt_output_pd) and (is_orig_output_array or is_opt_output_array)) or (is_orig_output_array and is_opt_output_array):
    assert list(orig_output) == list(opt_output)
else:
    assert orig_output == opt_output

------------------

----- stdout -----
trying: ['file_loc']
me:  1
trying: ['orig_output']
me:  12
trying: ['trip_data']
----- stdout -----
me:  11
trying: ['pd']
me:  0
trying: ['Path']
me:  0
trying: ['BENCHMARKS_TO_PATHS']
me:  0
trying: ['factor']
me:  1
trying: ['benchmark_name']
me:  1
----- stdout -----
Declaring variable pd
Declaring variable Path
Declaring variable BENCHMARKS_TO_PATHS
Declaring variable file_loc
Declaring variable factor
Declaring variable benchmark_name
Declaring variable trip_data
Declaring variable orig_output
------------------

[0;31m---------------------------------------------------------------------------[0m
[0;31mAssertionError[0m                            Traceback (most recent call last)
Cell [0;32mIn[9], line 28[0m
[1;32m     25[0m     [38;5;28;01massert[39;00m opt_output[38;5;241m.[39mto_html() [38;5;241m==[39m orig_output
[1;32m     27[0m [38;5;28;01mif[39;00m is_orig_output_pd [38;5;129;01mand[39;00m is_opt_output_pd:
[0;32m---> 28[0m     [38;5;28;01massert[39;00m orig_output[38;5;241m.[39mequals(opt_output)
[1;32m     29[0m [38;5;66;03m# TODO: this is a hack.[39;00m
[1;32m     30[0m [38;5;28;01melif[39;00m ((is_orig_output_pd [38;5;129;01mor[39;00m is_opt_output_pd) [38;5;129;01mand[39;00m (is_orig_output_array [38;5;129;01mor[39;00m is_opt_output_array)) [38;5;129;01mor[39;00m (is_orig_output_array [38;5;129;01mand[39;00m is_opt_output_array):

[0;31mAssertionError[0m: 

Rewritten time: inf ms
Could not rewrite the cell. Continuing to next cell...
========================================================
After rewriting cell  5
Rewritten post-checkpoint path: /scratch/jieq/pandax/ds_notebooks/nyc-taxi/src/small_bench/checkpoints/post_cell_5.pickle
========================================================
Cell 5 rewriting took 2950.4089171886444 seconds.
Getting original timing for cell 6
Original time for cell 6 took 63.06578850746155 seconds.
Setting initially best_rewritten_post_checkpoint_path:  /scratch/jieq/pandax/ds_notebooks/nyc-taxi/src/small_bench/checkpoints/post_cell_6.pickle
========================================================
Rewriting cell 6... Try 0... 
Manager agent prompt:  
        <Original Code>:
        ### cell 6 ###

# print missing values for each column - use .isnull().sum
trip_data.isnull().sum(axis=0).reset_index()
        <Profiling data>:
                     Function  GPU calls  CPU calls
0    DataFrame.isnull          1          0
1       DataFrame.sum          1          0
2  Series.reset_index          1          0
3  DataFrame.__repr__          1          0

        <Execution time>: 30.2
        <Active vars>: []

        <Future vars>: ['trip_data']

        <Iteration>: 1/5
    
==========Running the manager agent to decide the next step==========
Choice: new
Reason: The current code uses basic operations that could potentially be optimized or refactored for better performance, considering we are only in the first iteration of five. This gives room to try new optimizations or techniques to reduce execution time further.
Generating new code from the original code
Prompt: 
        <Original Code>:
        ### cell 6 ###

# print missing values for each column - use .isnull().sum
trip_data.isnull().sum(axis=0).reset_index()
        <Profiling data>:
                     Function  GPU calls  CPU calls
0    DataFrame.isnull          1          0
1       DataFrame.sum          1          0
2  Series.reset_index          1          0
3  DataFrame.__repr__          1          0

        <Execution time>: 30.2
        <Active vars>: []

        <Future vars>: ['trip_data']

        <Iteration>: 1/5
    
Code: done
Reason: All operations are already executed on the GPU with no CPU calls; the code is fully vectorized and cannot be further optimized for cudf.
No Modifications made to the original code
Try 0: calling rewrite agent for cell 6 took 11.063175678253174 seconds.
There is no need to rewrite the cell.
Could not rewrite the cell. Continuing to next cell...
========================================================
After rewriting cell  6
Rewritten post-checkpoint path: /scratch/jieq/pandax/ds_notebooks/nyc-taxi/src/small_bench/checkpoints/post_cell_6.pickle
========================================================
Cell 6 rewriting took 74.1313226222992 seconds.
Getting original timing for cell 7
Original time for cell 7 took 62.06614947319031 seconds.
Setting initially best_rewritten_post_checkpoint_path:  /scratch/jieq/pandax/ds_notebooks/nyc-taxi/src/small_bench/checkpoints/post_cell_7.pickle
========================================================
Rewriting cell 7... Try 0... 
Manager agent prompt:  
        <Original Code>:
        ### cell 7 ###

# value_counts for 'payment_type' column
trip_data["payment_type"].value_counts()
        <Profiling data>:
                             Function  GPU calls  CPU calls
0       DataFrame.__getitem__          1          0
1  IndexOpsMixin.value_counts          1          0
2             Series.__repr__          1          0
3        NDFrame._repr_latex_          0          1

        <Execution time>: 45.8
        <Active vars>: []

        <Future vars>: ['trip_data']

        <Iteration>: 1/5
    
==========Running the manager agent to decide the next step==========
Choice: new
Reason: The code uses the 'value_counts' method, which could potentially be optimized with alternative APIs or methods, especially in a GPU-based library context. Given that this is the first iteration, revisiting the original code for possible optimizations is a good step.
Generating new code from the original code
Prompt: 
        <Original Code>:
        ### cell 7 ###

# value_counts for 'payment_type' column
trip_data["payment_type"].value_counts()
        <Profiling data>:
                             Function  GPU calls  CPU calls
0       DataFrame.__getitem__          1          0
1  IndexOpsMixin.value_counts          1          0
2             Series.__repr__          1          0
3        NDFrame._repr_latex_          0          1

        <Execution time>: 45.8
        <Active vars>: []

        <Future vars>: ['trip_data']

        <Iteration>: 1/5
    
Code: done
Reason: The `value_counts` call on a cudf Series is already executed entirely on the GPU (aside from Jupyter’s LaTeX repr), so there’s no further optimization needed for this cell.
No Modifications made to the original code
Try 0: calling rewrite agent for cell 7 took 7.239603042602539 seconds.
There is no need to rewrite the cell.
Could not rewrite the cell. Continuing to next cell...
========================================================
After rewriting cell  7
Rewritten post-checkpoint path: /scratch/jieq/pandax/ds_notebooks/nyc-taxi/src/small_bench/checkpoints/post_cell_7.pickle
========================================================
Cell 7 rewriting took 69.30827474594116 seconds.
Getting original timing for cell 8
Original time for cell 8 took 86.0782117843628 seconds.
Setting initially best_rewritten_post_checkpoint_path:  /scratch/jieq/pandax/ds_notebooks/nyc-taxi/src/small_bench/checkpoints/post_cell_8.pickle
========================================================
Rewriting cell 8... Try 0... 
Manager agent prompt:  
        <Original Code>:
        ### cell 8 ###

# function for mapping numerical payment_type to actual payment
def map_payment_type(x):
    if x == 1:
        return "Credit_card"
    elif x == 2:
        return "Cash"
    elif x == 3:
        return "No_charge"
    elif x == 4:
        return "Dispute"
    elif x == 5:
        return "Unknown"
    else:
        return "Voided_trip"


# use .apply and lambda on payment_type column to change 'payment_type' column
trip_data["payment_type"] = trip_data.payment_type.apply(lambda x: map_payment_type(x))
# print data head
trip_data.head()
        <Profiling data>:
                        Function  GPU calls  CPU calls
0    NDFrame.__getattr__          1          0
1           Series.apply          0          1
2  DataFrame.__setitem__          1          0
3           NDFrame.head          1          0
4     DataFrame.__repr__          1          0

        <Execution time>: 2230.0
        <Active vars>: []

        <Future vars>: []

        <Iteration>: 1/5
    
==========Running the manager agent to decide the next step==========
Choice: new
Reason: The execution time is high and the use of `.apply()` with a user-defined function can be optimized. This is the first iteration, so we should attempt to rewrite and optimize the code entirely instead of repairing or re-optimizing.
Generating new code from the original code
Prompt: 
        <Original Code>:
        ### cell 8 ###

# function for mapping numerical payment_type to actual payment
def map_payment_type(x):
    if x == 1:
        return "Credit_card"
    elif x == 2:
        return "Cash"
    elif x == 3:
        return "No_charge"
    elif x == 4:
        return "Dispute"
    elif x == 5:
        return "Unknown"
    else:
        return "Voided_trip"


# use .apply and lambda on payment_type column to change 'payment_type' column
trip_data["payment_type"] = trip_data.payment_type.apply(lambda x: map_payment_type(x))
# print data head
trip_data.head()
        <Profiling data>:
                        Function  GPU calls  CPU calls
0    NDFrame.__getattr__          1          0
1           Series.apply          0          1
2  DataFrame.__setitem__          1          0
3           NDFrame.head          1          0
4     DataFrame.__repr__          1          0

        <Execution time>: 2230.0
        <Active vars>: []

        <Future vars>: []

        <Iteration>: 1/5
    
Code: # Vectorized mapping on GPU using cudf.Series.map and fillna
mapping = {
    1: "Credit_card",
    2: "Cash",
    3: "No_charge",
    4: "Dispute",
    5: "Unknown"
}

# Apply the mapping and fill unmapped values with "Voided_trip"
trip_data["payment_type"] = (
    trip_data["payment_type"]
    .map(mapping)
    .fillna("Voided_trip")
)

# Preview the result
trip_data.head()
Reason: Replaced the Python-level apply + lambda with a GPU-accelerated, vectorized .map on a dictionary (unmapped keys become null) followed by .fillna to assign the default "Voided_trip". This eliminates the CPU-bound Series.apply call and leverages cudf's native operations.
Parsed response: # Vectorized mapping on GPU using cudf.Series.map and fillna
mapping = {
    1: "Credit_card",
    2: "Cash",
    3: "No_charge",
    4: "Dispute",
    5: "Unknown"
}

# Apply the mapping and fill unmapped values with "Voided_trip"
trip_data["payment_type"] = (
    trip_data["payment_type"]
    .map(mapping)
    .fillna("Voided_trip")
)

# Preview the result
trip_data.head()
Try 0: calling rewrite agent for cell 8 took 16.02389645576477 seconds.
Executing rewritten code... ### cell 8 ###

# Vectorized mapping on GPU using cudf.Series.map and fillna
mapping = {
    1: "Credit_card",
    2: "Cash",
    3: "No_charge",
    4: "Dispute",
    5: "Unknown"
}

# Apply the mapping and fill unmapped values with "Voided_trip"
trip_data["payment_type"] = (
    trip_data["payment_type"]
    .map(mapping)
    .fillna("Voided_trip")
)

# Preview the result
trip_data.head()
Running rewritten cell notebook
Finished executing the rewritten code.
Try 0: executing the rewritten code for cell 8 took 69.05804657936096 seconds.
Rewritten time: 154.0 ms
The rewritten code is correct. Profiling cudf...
Try 0: cudf profiling the rewritten code for cell 8 took 14.824022054672241 seconds.
gpu_calls_orig_perc: 0.8, gpu_calls_opt_perc: 1.0
orig_time: 2230.0, opt_time: 154.0
Both the call ratio and the time are better.
Rewritten code took 154.0ms. The previous fastest solution took 2230.0ms.
Previous best solution num GPU and CPU calls:  4 1
New solution num GPU and CPU calls:  6 0
Accepted the rewritten code.
Setting best_rewritten_post_checkpoint_path to  /scratch/jieq/pandax/ds_notebooks/nyc-taxi/src/rewritten/o4_mini_high_small/checkpoints/post_cell_8_try_0.pickle
========================================================
Rewriting cell 8... Try 1... 
Manager agent prompt:  
        <Original Code>:
        ### cell 8 ###

# function for mapping numerical payment_type to actual payment
def map_payment_type(x):
    if x == 1:
        return "Credit_card"
    elif x == 2:
        return "Cash"
    elif x == 3:
        return "No_charge"
    elif x == 4:
        return "Dispute"
    elif x == 5:
        return "Unknown"
    else:
        return "Voided_trip"


# use .apply and lambda on payment_type column to change 'payment_type' column
trip_data["payment_type"] = trip_data.payment_type.apply(lambda x: map_payment_type(x))
# print data head
trip_data.head()
        <Profiling data>:
                        Function  GPU calls  CPU calls
0    NDFrame.__getattr__          1          0
1           Series.apply          0          1
2  DataFrame.__setitem__          1          0
3           NDFrame.head          1          0
4     DataFrame.__repr__          1          0
        <Execution time>: 2230.0
        <Active Vars>: []
        <Future Vars>: []
        <Rewritten Code>:
        ### cell 8 ###

# Vectorized mapping on GPU using cudf.Series.map and fillna
mapping = {
    1: "Credit_card",
    2: "Cash",
    3: "No_charge",
    4: "Dispute",
    5: "Unknown"
}

# Apply the mapping and fill unmapped values with "Voided_trip"
trip_data["payment_type"] = (
    trip_data["payment_type"]
    .map(mapping)
    .fillna("Voided_trip")
)

# Preview the result
trip_data.head()
        <Profiling data>:
                        Function  GPU calls  CPU calls
0  DataFrame.__getitem__          1          0
1             Series.map          1          0
2         NDFrame.fillna          1          0
3  DataFrame.__setitem__          1          0
4           NDFrame.head          1          0
5     DataFrame.__repr__          1          0
        <Execution time>: 154.0
        <Execution output>: Rewritten time: 154.0 ms
Original time: 2230.0 ms
        <Iteration>: 2/5
    
==========Running the manager agent to decide the next step==========
Choice: optimize
Reason: The rewritten code is already utilizing GPU vectorization, which has significantly reduced execution time. However, we are only at iteration 2 out of 5, so further optimization opportunities might be available or become apparent with additional profiling and optimization efforts.
Code optimizer prompt:  
        <Original Code>:
        ### cell 8 ###

# Vectorized mapping on GPU using cudf.Series.map and fillna
mapping = {
    1: "Credit_card",
    2: "Cash",
    3: "No_charge",
    4: "Dispute",
    5: "Unknown"
}

# Apply the mapping and fill unmapped values with "Voided_trip"
trip_data["payment_type"] = (
    trip_data["payment_type"]
    .map(mapping)
    .fillna("Voided_trip")
)

# Preview the result
trip_data.head()
        <Profiling data>:
                        Function  GPU calls  CPU calls
0  DataFrame.__getitem__          1          0
1             Series.map          1          0
2         NDFrame.fillna          1          0
3  DataFrame.__setitem__          1          0
4           NDFrame.head          1          0
5     DataFrame.__repr__          1          0

        <Execution time>: 154.0
        <Active vars>: []

        <Future vars>: []

        <Iteration>: 2/5
    
Optimizing the last generated code
No Modifications made to the original code
Try 1: calling rewrite agent for cell 8 took 9.087881326675415 seconds.
========================================================
After rewriting cell  8
Rewritten post-checkpoint path: /scratch/jieq/pandax/ds_notebooks/nyc-taxi/src/rewritten/o4_mini_high_small/checkpoints/post_cell_8_try_0.pickle
========================================================
Cell 8 rewriting took 195.10281014442444 seconds.
Getting original timing for cell 9
Original time for cell 9 took 68.05652356147766 seconds.
Setting initially best_rewritten_post_checkpoint_path:  /scratch/jieq/pandax/ds_notebooks/nyc-taxi/src/small_bench/checkpoints/post_cell_9.pickle
========================================================
Rewriting cell 9... Try 0... 
Manager agent prompt:  
        <Original Code>:
        ### cell 9 ###

# print data info to show that payment_type data type has changed
trip_data.info()
        <Profiling data>:
                 Function  GPU calls  CPU calls
0  DataFrame.info          1          0

        <Execution time>: 2.72
        <Active vars>: []

        <Future vars>: ['trip_data']

        <Iteration>: 1/5
    
==========Running the manager agent to decide the next step==========
Choice: done
Reason: The code is for printing data frame information, which is not suitable for optimization.
Code is already optimized
Try 0: calling rewrite agent for cell 9 took 1.1960158348083496 seconds.
There is no need to rewrite the cell.
Could not rewrite the cell. Continuing to next cell...
========================================================
After rewriting cell  9
Rewritten post-checkpoint path: /scratch/jieq/pandax/ds_notebooks/nyc-taxi/src/small_bench/checkpoints/post_cell_9.pickle
========================================================
Cell 9 rewriting took 69.25447344779968 seconds.
Getting original timing for cell 10
Original time for cell 10 took 80.07293629646301 seconds.
Setting initially best_rewritten_post_checkpoint_path:  /scratch/jieq/pandax/ds_notebooks/nyc-taxi/src/small_bench/checkpoints/post_cell_10.pickle
========================================================
Rewriting cell 10... Try 0... 
Manager agent prompt:  
        <Original Code>:
        ### cell 10 ###

# create 'total_taxes' column from summing 'extra','mta_tax', 'improvement_surcharge'
trip_data["total_taxes"] = (
    trip_data["extra"] + trip_data["mta_tax"] + trip_data["improvement_surcharge"]
)
# drop 'extra','mta_tax','improvement_surcharge' columns
trip_data.drop(["extra", "mta_tax", "improvement_surcharge"], axis=1, inplace=True)
# print data head
trip_data.head()
        <Profiling data>:
                        Function  GPU calls  CPU calls
0  DataFrame.__getitem__          3          0
1       OpsMixin.__add__          2          0
2  DataFrame.__setitem__          1          0
3         DataFrame.drop          1          0
4           NDFrame.head          1          0
5     DataFrame.__repr__          1          0

        <Execution time>: 8.27
        <Active vars>: ['trip_data']

        <Future vars>: []

        <Iteration>: 1/5
    
==========Running the manager agent to decide the next step==========
Choice: new
Reason: The current code can be optimized by potentially using a single operation or leveraging more efficient libraries for computation. Since it's the initial iteration, we aim to enhance the code more efficiently.
Generating new code from the original code
Prompt: 
        <Original Code>:
        ### cell 10 ###

# create 'total_taxes' column from summing 'extra','mta_tax', 'improvement_surcharge'
trip_data["total_taxes"] = (
    trip_data["extra"] + trip_data["mta_tax"] + trip_data["improvement_surcharge"]
)
# drop 'extra','mta_tax','improvement_surcharge' columns
trip_data.drop(["extra", "mta_tax", "improvement_surcharge"], axis=1, inplace=True)
# print data head
trip_data.head()
        <Profiling data>:
                        Function  GPU calls  CPU calls
0  DataFrame.__getitem__          3          0
1       OpsMixin.__add__          2          0
2  DataFrame.__setitem__          1          0
3         DataFrame.drop          1          0
4           NDFrame.head          1          0
5     DataFrame.__repr__          1          0

        <Execution time>: 8.27
        <Active vars>: ['trip_data']

        <Future vars>: []

        <Iteration>: 1/5
    
Code: # create 'total_taxes' by summing the three tax‐related columns in one go
trip_data["total_taxes"] = (
    trip_data[["extra", "mta_tax", "improvement_surcharge"]]
    .sum(axis=1)
)
# drop the now‐redundant columns
trip_data.drop(["extra", "mta_tax", "improvement_surcharge"],
               axis=1,
               inplace=True)
# inspect
trip_data.head()
Reason: By using DataFrame.sum over the three columns we replace three separate __getitem__ calls and two vectorized additions with a single GPU kernel. This reduces overhead and leverages cuDF’s optimized row‐wise sum, while still dropping the old columns in place and showing the head of the DataFrame.
Parsed response: # create 'total_taxes' by summing the three tax‐related columns in one go
trip_data["total_taxes"] = (
    trip_data[["extra", "mta_tax", "improvement_surcharge"]]
    .sum(axis=1)
)
# drop the now‐redundant columns
trip_data.drop(["extra", "mta_tax", "improvement_surcharge"],
               axis=1,
               inplace=True)
# inspect
trip_data.head()
Try 0: calling rewrite agent for cell 10 took 12.717681169509888 seconds.
Executing rewritten code... ### cell 10 ###

# create 'total_taxes' by summing the three tax‐related columns in one go
trip_data["total_taxes"] = (
    trip_data[["extra", "mta_tax", "improvement_surcharge"]]
    .sum(axis=1)
)
# drop the now‐redundant columns
trip_data.drop(["extra", "mta_tax", "improvement_surcharge"],
               axis=1,
               inplace=True)
# inspect
trip_data.head()
Running rewritten cell notebook
Finished executing the rewritten code.
Try 0: executing the rewritten code for cell 10 took 558.3339178562164 seconds.
Rewritten time: 140.0 ms
The rewritten code is correct. Profiling cudf...
Try 0: cudf profiling the rewritten code for cell 10 took 16.035273551940918 seconds.
gpu_calls_orig_perc: 1.0, gpu_calls_opt_perc: 1.0
orig_time: 8.27, opt_time: 140.0
Ratio improves.
Improvement in percentage does not make up for the slowdown.
Rewritten code took 140.0ms. The previous fastest solution took 8.27ms.
Previous best solution num GPU and CPU calls:  9 0
New solution num GPU and CPU calls:  6 0
========================================================
Rewriting cell 10... Try 1... 
Manager agent prompt:  
        <Original Code>:
        ### cell 10 ###

# create 'total_taxes' column from summing 'extra','mta_tax', 'improvement_surcharge'
trip_data["total_taxes"] = (
    trip_data["extra"] + trip_data["mta_tax"] + trip_data["improvement_surcharge"]
)
# drop 'extra','mta_tax','improvement_surcharge' columns
trip_data.drop(["extra", "mta_tax", "improvement_surcharge"], axis=1, inplace=True)
# print data head
trip_data.head()
        <Profiling data>:
                        Function  GPU calls  CPU calls
0  DataFrame.__getitem__          3          0
1       OpsMixin.__add__          2          0
2  DataFrame.__setitem__          1          0
3         DataFrame.drop          1          0
4           NDFrame.head          1          0
5     DataFrame.__repr__          1          0
        <Execution time>: 8.27
        <Active Vars>: ['trip_data']
        <Future Vars>: []
        <Rewritten Code>:
        ### cell 10 ###

# create 'total_taxes' by summing the three tax‐related columns in one go
trip_data["total_taxes"] = (
    trip_data[["extra", "mta_tax", "improvement_surcharge"]]
    .sum(axis=1)
)
# drop the now‐redundant columns
trip_data.drop(["extra", "mta_tax", "improvement_surcharge"],
               axis=1,
               inplace=True)
# inspect
trip_data.head()
        <Profiling data>:
                        Function  GPU calls  CPU calls
0  DataFrame.__getitem__          1          0
1          DataFrame.sum          1          0
2  DataFrame.__setitem__          1          0
3         DataFrame.drop          1          0
4           NDFrame.head          1          0
5     DataFrame.__repr__          1          0
        <Execution time>: 140.0
        <Execution output>: Rewritten time: 140.0 ms
Original time: 8.27 ms
        <Iteration>: 2/5
    
==========Running the manager agent to decide the next step==========
Choice: new
Reason: The rewritten code executes much slower than the original. Without significant optimization or an error in logic, generating a new optimized code would be beneficial.
Generating new code from the original code
Prompt: 
        <Original Code>:
        ### cell 10 ###

# create 'total_taxes' column from summing 'extra','mta_tax', 'improvement_surcharge'
trip_data["total_taxes"] = (
    trip_data["extra"] + trip_data["mta_tax"] + trip_data["improvement_surcharge"]
)
# drop 'extra','mta_tax','improvement_surcharge' columns
trip_data.drop(["extra", "mta_tax", "improvement_surcharge"], axis=1, inplace=True)
# print data head
trip_data.head()
        <Profiling data>:
                        Function  GPU calls  CPU calls
0  DataFrame.__getitem__          3          0
1       OpsMixin.__add__          2          0
2  DataFrame.__setitem__          1          0
3         DataFrame.drop          1          0
4           NDFrame.head          1          0
5     DataFrame.__repr__          1          0

        <Execution time>: 8.27
        <Active vars>: ['trip_data']

        <Future vars>: []

        <Iteration>: 2/5
    
Code: # calculate total_taxes by summing the three columns in one vectorized operation and drop them in a chained call
t_trip = trip_data.assign(
    total_taxes=trip_data[["extra", "mta_tax", "improvement_surcharge"]].sum(axis=1)
).drop(columns=["extra", "mta_tax", "improvement_surcharge"])

# update original var and display head
trip_data = t_trip
trip_data.head()
Reason: By slicing the three tax columns once and using DataFrame.sum over axis=1, we replace three separate getitem/add calls with a single vectorized aggregation. Chaining assign and drop in one statement further reduces intermediate GPU calls and avoids multiple DataFrame mutations, improving throughput on cudf.
Parsed response: # calculate total_taxes by summing the three columns in one vectorized operation and drop them in a chained call
t_trip = trip_data.assign(
    total_taxes=trip_data[["extra", "mta_tax", "improvement_surcharge"]].sum(axis=1)
).drop(columns=["extra", "mta_tax", "improvement_surcharge"])

# update original var and display head
trip_data = t_trip
trip_data.head()
Try 1: calling rewrite agent for cell 10 took 13.794317245483398 seconds.
Executing rewritten code... ### cell 10 ###

# calculate total_taxes by summing the three columns in one vectorized operation and drop them in a chained call
t_trip = trip_data.assign(
    total_taxes=trip_data[["extra", "mta_tax", "improvement_surcharge"]].sum(axis=1)
).drop(columns=["extra", "mta_tax", "improvement_surcharge"])

# update original var and display head
trip_data = t_trip
trip_data.head()
Running rewritten cell notebook
Finished executing the rewritten code.
Try 1: executing the rewritten code for cell 10 took 552.3088610172272 seconds.
Rewritten time: 143.0 ms
The rewritten code is correct. Profiling cudf...
Try 1: cudf profiling the rewritten code for cell 10 took 14.972775220870972 seconds.
gpu_calls_orig_perc: 1.0, gpu_calls_opt_perc: 1.0
orig_time: 8.27, opt_time: 143.0
Ratio improves.
Improvement in percentage does not make up for the slowdown.
Rewritten code took 143.0ms. The previous fastest solution took 8.27ms.
Previous best solution num GPU and CPU calls:  9 0
New solution num GPU and CPU calls:  6 0
========================================================
Rewriting cell 10... Try 2... 
Manager agent prompt:  
        <Original Code>:
        ### cell 10 ###

# create 'total_taxes' column from summing 'extra','mta_tax', 'improvement_surcharge'
trip_data["total_taxes"] = (
    trip_data["extra"] + trip_data["mta_tax"] + trip_data["improvement_surcharge"]
)
# drop 'extra','mta_tax','improvement_surcharge' columns
trip_data.drop(["extra", "mta_tax", "improvement_surcharge"], axis=1, inplace=True)
# print data head
trip_data.head()
        <Profiling data>:
                        Function  GPU calls  CPU calls
0  DataFrame.__getitem__          3          0
1       OpsMixin.__add__          2          0
2  DataFrame.__setitem__          1          0
3         DataFrame.drop          1          0
4           NDFrame.head          1          0
5     DataFrame.__repr__          1          0
        <Execution time>: 8.27
        <Active Vars>: ['trip_data']
        <Future Vars>: []
        <Rewritten Code>:
        ### cell 10 ###

# calculate total_taxes by summing the three columns in one vectorized operation and drop them in a chained call
t_trip = trip_data.assign(
    total_taxes=trip_data[["extra", "mta_tax", "improvement_surcharge"]].sum(axis=1)
).drop(columns=["extra", "mta_tax", "improvement_surcharge"])

# update original var and display head
trip_data = t_trip
trip_data.head()
        <Profiling data>:
                        Function  GPU calls  CPU calls
0  DataFrame.__getitem__          1          0
1          DataFrame.sum          1          0
2       DataFrame.assign          1          0
3         DataFrame.drop          1          0
4           NDFrame.head          1          0
5     DataFrame.__repr__          1          0
        <Execution time>: 143.0
        <Execution output>: Rewritten time: 143.0 ms
Original time: 8.27 ms
        <Iteration>: 3/5
    
==========Running the manager agent to decide the next step==========
Choice: new
Reason: The rewritten code is significantly slower than the original. Therefore, we should attempt to optimize the original code again.
Generating new code from the original code
Prompt: 
        <Original Code>:
        ### cell 10 ###

# create 'total_taxes' column from summing 'extra','mta_tax', 'improvement_surcharge'
trip_data["total_taxes"] = (
    trip_data["extra"] + trip_data["mta_tax"] + trip_data["improvement_surcharge"]
)
# drop 'extra','mta_tax','improvement_surcharge' columns
trip_data.drop(["extra", "mta_tax", "improvement_surcharge"], axis=1, inplace=True)
# print data head
trip_data.head()
        <Profiling data>:
                        Function  GPU calls  CPU calls
0  DataFrame.__getitem__          3          0
1       OpsMixin.__add__          2          0
2  DataFrame.__setitem__          1          0
3         DataFrame.drop          1          0
4           NDFrame.head          1          0
5     DataFrame.__repr__          1          0

        <Execution time>: 8.27
        <Active vars>: ['trip_data']

        <Future vars>: []

        <Iteration>: 3/5
    
Code: # compute total_taxes in one vectorized kernel instead of two binary adds
trip_data['total_taxes'] = trip_data[['extra','mta_tax','improvement_surcharge']].sum(axis=1)
# drop the now redundant columns
gpu_trip_data = trip_data.drop(['extra','mta_tax','improvement_surcharge'], axis=1)
# preview
gpu_trip_data.head()
Reason: Replacing chained column additions with a single DataFrame.sum(axis=1) call reduces multiple __add__ and __getitem__ GPU calls down to one sum kernel, cutting overhead and speeding up the operation.
Parsed response: # compute total_taxes in one vectorized kernel instead of two binary adds
trip_data['total_taxes'] = trip_data[['extra','mta_tax','improvement_surcharge']].sum(axis=1)
# drop the now redundant columns
gpu_trip_data = trip_data.drop(['extra','mta_tax','improvement_surcharge'], axis=1)
# preview
gpu_trip_data.head()
Try 2: calling rewrite agent for cell 10 took 19.281720399856567 seconds.
Executing rewritten code... ### cell 10 ###

# compute total_taxes in one vectorized kernel instead of two binary adds
trip_data['total_taxes'] = trip_data[['extra','mta_tax','improvement_surcharge']].sum(axis=1)
# drop the now redundant columns
gpu_trip_data = trip_data.drop(['extra','mta_tax','improvement_surcharge'], axis=1)
# preview
gpu_trip_data.head()
Running rewritten cell notebook
An unexpected error occurred An error occurred while executing the following cell:
------------------
trip_data_opt = trip_data
%LoadCheckpoint /scratch/jieq/pandax/ds_notebooks/nyc-taxi/src/small_bench/checkpoints/post_cell_10.pickle
assert compare_df(trip_data_opt, trip_data)

import numpy as np
if os.getenv("USE_GPU") == "True":
    import cudf
from elastic.core.common.pandas import is_type_styler
is_orig_output_pd = isinstance(orig_output, (pd.Series, pd.DataFrame, pd.Index))
is_opt_output_pd = isinstance(opt_output, (pd.Series, pd.DataFrame, pd.Index))
if os.getenv("USE_GPU") == "True":
    is_orig_output_array = isinstance(orig_output, (cudf.pandas._wrappers.numpy.ndarray, np.ndarray))
    is_opt_output_array = isinstance(opt_output, (cudf.pandas._wrappers.numpy.ndarray, np.ndarray))
else:
    is_orig_output_array = isinstance(orig_output, np.ndarray)
    is_opt_output_array = isinstance(opt_output, np.ndarray)

is_orig_output_styler = is_type_styler(type(orig_output))
is_opt_output_styler = is_type_styler(type(opt_output))
if is_orig_output_styler and is_opt_output_styler:
    assert orig_output.to_html() == opt_output.to_html()
elif is_orig_output_styler:
    assert orig_output.to_html() == opt_output.to_html()
elif is_opt_output_styler:
    assert opt_output.to_html() == orig_output

if is_orig_output_pd and is_opt_output_pd:
    assert orig_output.equals(opt_output)
# TODO: this is a hack.
elif ((is_orig_output_pd or is_opt_output_pd) and (is_orig_output_array or is_opt_output_array)) or (is_orig_output_array and is_opt_output_array):
    assert list(orig_output) == list(opt_output)
else:
    assert orig_output == opt_output

------------------

----- stdout -----
trying: ['trip_data']
----- stdout -----
me:  21
trying: ['benchmark_name']
me:  1
trying: ['BENCHMARKS_TO_PATHS']
me:  0
trying: ['orig_output']
me:  22
trying: ['factor']
me:  1
trying: ['file_loc']
me:  1
trying: ['Path']
me:  0
trying: ['map_payment_type']
me:  17
trying: ['pd']
me:  0
----- stdout -----
Declaring variable BENCHMARKS_TO_PATHS
Declaring variable Path
Declaring variable pd
Declaring variable benchmark_name
Declaring variable factor
Declaring variable file_loc
Declaring variable map_payment_type
Declaring variable trip_data
Declaring variable orig_output
------------------

[0;31m---------------------------------------------------------------------------[0m
[0;31mValueError[0m                                Traceback (most recent call last)
Cell [0;32mIn[9], line 3[0m
[1;32m      1[0m trip_data_opt [38;5;241m=[39m trip_data
[1;32m      2[0m get_ipython()[38;5;241m.[39mrun_line_magic([38;5;124m'[39m[38;5;124mLoadCheckpoint[39m[38;5;124m'[39m, [38;5;124m'[39m[38;5;124m/scratch/jieq/pandax/ds_notebooks/nyc-taxi/src/small_bench/checkpoints/post_cell_10.pickle[39m[38;5;124m'[39m)
[0;32m----> 3[0m [38;5;28;01massert[39;00m [43mcompare_df[49m[43m([49m[43mtrip_data_opt[49m[43m,[49m[43m [49m[43mtrip_data[49m[43m)[49m
[1;32m      5[0m [38;5;28;01mimport[39;00m[38;5;250m [39m[38;5;21;01mnumpy[39;00m[38;5;250m [39m[38;5;28;01mas[39;00m[38;5;250m [39m[38;5;21;01mnp[39;00m
[1;32m      6[0m [38;5;28;01mif[39;00m os[38;5;241m.[39mgetenv([38;5;124m"[39m[38;5;124mUSE_GPU[39m[38;5;124m"[39m) [38;5;241m==[39m [38;5;124m"[39m[38;5;124mTrue[39m[38;5;124m"[39m:

File [0;32m/scratch/jieq/elastic-notebook/elastic/core/common/pandas.py:120[0m, in [0;36mcompare_df[0;34m(df1, df2)[0m
[1;32m    118[0m [38;5;66;03m# Check shape[39;00m
[1;32m    119[0m [38;5;28;01mif[39;00m df1[38;5;241m.[39mshape [38;5;241m!=[39m df2[38;5;241m.[39mshape:
[0;32m--> 120[0m     [38;5;28;01mraise[39;00m [38;5;167;01mValueError[39;00m([38;5;124mf[39m[38;5;124m"[39m[38;5;124mShape mismatch: [39m[38;5;132;01m{[39;00mdf1[38;5;241m.[39mshape[38;5;132;01m}[39;00m[38;5;124m vs [39m[38;5;132;01m{[39;00mdf2[38;5;241m.[39mshape[38;5;132;01m}[39;00m[38;5;124m"[39m)
[1;32m    122[0m [38;5;66;03m# For DataFrames, check columns[39;00m
[1;32m    123[0m [38;5;28;01mif[39;00m is_type_dataframe([38;5;28mtype[39m(df1)) [38;5;129;01mand[39;00m is_type_dataframe([38;5;28mtype[39m(df2)):

[0;31mValueError[0m: Shape mismatch: (8759874, 19) vs (8759874, 16)

Rewritten time: inf ms
========================================================
Rewriting cell 10... Try 3... 
Manager agent prompt:  
        <Original Code>:
        ### cell 10 ###

# create 'total_taxes' column from summing 'extra','mta_tax', 'improvement_surcharge'
trip_data["total_taxes"] = (
    trip_data["extra"] + trip_data["mta_tax"] + trip_data["improvement_surcharge"]
)
# drop 'extra','mta_tax','improvement_surcharge' columns
trip_data.drop(["extra", "mta_tax", "improvement_surcharge"], axis=1, inplace=True)
# print data head
trip_data.head()
        <Profiling data>:
                        Function  GPU calls  CPU calls
0  DataFrame.__getitem__          3          0
1       OpsMixin.__add__          2          0
2  DataFrame.__setitem__          1          0
3         DataFrame.drop          1          0
4           NDFrame.head          1          0
5     DataFrame.__repr__          1          0
        <Execution time>: 8.27
        <Active Vars>: ['trip_data']
        <Future Vars>: []
        <Rewritten Code>:
        ### cell 10 ###

# compute total_taxes in one vectorized kernel instead of two binary adds
trip_data['total_taxes'] = trip_data[['extra','mta_tax','improvement_surcharge']].sum(axis=1)
# drop the now redundant columns
gpu_trip_data = trip_data.drop(['extra','mta_tax','improvement_surcharge'], axis=1)
# preview
gpu_trip_data.head()
        <Profiling data>:
                        Function  GPU calls  CPU calls
0  DataFrame.__getitem__          1          0
1          DataFrame.sum          1          0
2       DataFrame.assign          1          0
3         DataFrame.drop          1          0
4           NDFrame.head          1          0
5     DataFrame.__repr__          1          0
        <Execution time>: inf
        <Execution output>: The rewritten code resulted in a runtime error. An error occurred while executing the following cell:
------------------
trip_data_opt = trip_data
%LoadCheckpoint /scratch/jieq/pandax/ds_notebooks/nyc-taxi/src/small_bench/checkpoints/post_cell_10.pickle
assert compare_df(trip_data_opt, trip_data)

import numpy as np
if os.getenv("USE_GPU") == "True":
    import cudf
from elastic.core.common.pandas import is_type_styler
is_orig_output_pd = isinstance(orig_output, (pd.Series, pd.DataFrame, pd.Index))
is_opt_output_pd = isinstance(opt_output, (pd.Series, pd.DataFrame, pd.Index))
if os.getenv("USE_GPU") == "True":
    is_orig_output_array = isinstance(orig_output, (cudf.pandas._wrappers.numpy.ndarray, np.ndarray))
    is_opt_output_array = isinstance(opt_output, (cudf.pandas._wrappers.numpy.ndarray, np.ndarray))
else:
    is_orig_output_array = isinstance(orig_output, np.ndarray)
    is_opt_output_array = isinstance(opt_output, np.ndarray)

is_orig_output_styler = is_type_styler(type(orig_output))
is_opt_output_styler = is_type_styler(type(opt_output))
if is_orig_output_styler and is_opt_output_styler:
    assert orig_output.to_html() == opt_output.to_html()
elif is_orig_output_styler:
    assert orig_output.to_html() == opt_output.to_html()
elif is_opt_output_styler:
    assert opt_output.to_html() == orig_output

if is_orig_output_pd and is_opt_output_pd:
    assert orig_output.equals(opt_output)
# TODO: this is a hack.
elif ((is_orig_output_pd or is_opt_output_pd) and (is_orig_output_array or is_opt_output_array)) or (is_orig_output_array and is_opt_output_array):
    assert list(orig_output) == list(opt_output)
else:
    assert orig_output == opt_output

------------------

----- stdout -----
trying: ['trip_data']
----- stdout -----
me:  21
trying: ['benchmark_name']
me:  1
trying: ['BENCHMARKS_TO_PATHS']
me:  0
trying: ['orig_output']
me:  22
trying: ['factor']
me:  1
trying: ['file_loc']
me:  1
trying: ['Path']
me:  0
trying: ['map_payment_type']
me:  17
trying: ['pd']
me:  0
----- stdout -----
Declaring variable BENCHMARKS_TO_PATHS
Declaring variable Path
Declaring variable pd
Declaring variable benchmark_name
Declaring variable factor
Declaring variable file_loc
Declaring variable map_payment_type
Declaring variable trip_data
Declaring variable orig_output
------------------

[0;31m---------------------------------------------------------------------------[0m
[0;31mValueError[0m                                Traceback (most recent call last)
Cell [0;32mIn[9], line 3[0m
[1;32m      1[0m trip_data_opt [38;5;241m=[39m trip_data
[1;32m      2[0m get_ipython()[38;5;241m.[39mrun_line_magic([38;5;124m'[39m[38;5;124mLoadCheckpoint[39m[38;5;124m'[39m, [38;5;124m'[39m[38;5;124m/scratch/jieq/pandax/ds_notebooks/nyc-taxi/src/small_bench/checkpoints/post_cell_10.pickle[39m[38;5;124m'[39m)
[0;32m----> 3[0m [38;5;28;01massert[39;00m [43mcompare_df[49m[43m([49m[43mtrip_data_opt[49m[43m,[49m[43m [49m[43mtrip_data[49m[43m)[49m
[1;32m      5[0m [38;5;28;01mimport[39;00m[38;5;250m [39m[38;5;21;01mnumpy[39;00m[38;5;250m [39m[38;5;28;01mas[39;00m[38;5;250m [39m[38;5;21;01mnp[39;00m
[1;32m      6[0m [38;5;28;01mif[39;00m os[38;5;241m.[39mgetenv([38;5;124m"[39m[38;5;124mUSE_GPU[39m[38;5;124m"[39m) [38;5;241m==[39m [38;5;124m"[39m[38;5;124mTrue[39m[38;5;124m"[39m:

File [0;32m/scratch/jieq/elastic-notebook/elastic/core/common/pandas.py:120[0m, in [0;36mcompare_df[0;34m(df1, df2)[0m
[1;32m    118[0m [38;5;66;03m# Check shape[39;00m
[1;32m    119[0m [38;5;28;01mif[39;00m df1[38;5;241m.[39mshape [38;5;241m!=[39m df2[38;5;241m.[39mshape:
[0;32m--> 120[0m     [38;5;28;01mraise[39;00m [38;5;167;01mValueError[39;00m([38;5;124mf[39m[38;5;124m"[39m[38;5;124mShape mismatch: [39m[38;5;132;01m{[39;00mdf1[38;5;241m.[39mshape[38;5;132;01m}[39;00m[38;5;124m vs [39m[38;5;132;01m{[39;00mdf2[38;5;241m.[39mshape[38;5;132;01m}[39;00m[38;5;124m"[39m)
[1;32m    122[0m [38;5;66;03m# For DataFrames, check columns[39;00m
[1;32m    123[0m [38;5;28;01mif[39;00m is_type_dataframe([38;5;28mtype[39m(df1)) [38;5;129;01mand[39;00m is_type_dataframe([38;5;28mtype[39m(df2)):

[0;31mValueError[0m: Shape mismatch: (8759874, 19) vs (8759874, 16)

        <Iteration>: 4/5
    
==========Running the manager agent to decide the next step==========
Choice: repair
Reason: The rewritten code resulted in an error due to a shape mismatch. We need to investigate and fix the error to ensure the code is functioning correctly.
Code fixer prompt:  
        <Original Code>:
        ### cell 10 ###

# create 'total_taxes' column from summing 'extra','mta_tax', 'improvement_surcharge'
trip_data["total_taxes"] = (
    trip_data["extra"] + trip_data["mta_tax"] + trip_data["improvement_surcharge"]
)
# drop 'extra','mta_tax','improvement_surcharge' columns
trip_data.drop(["extra", "mta_tax", "improvement_surcharge"], axis=1, inplace=True)
# print data head
trip_data.head()
        <Profiling data>:
                        Function  GPU calls  CPU calls
0  DataFrame.__getitem__          3          0
1       OpsMixin.__add__          2          0
2  DataFrame.__setitem__          1          0
3         DataFrame.drop          1          0
4           NDFrame.head          1          0
5     DataFrame.__repr__          1          0
        <Execution time>: 8.27
        <Active Vars>: ['trip_data']
        <Future Vars>: []
        <Rewritten Code>:
        ### cell 10 ###

# compute total_taxes in one vectorized kernel instead of two binary adds
trip_data['total_taxes'] = trip_data[['extra','mta_tax','improvement_surcharge']].sum(axis=1)
# drop the now redundant columns
gpu_trip_data = trip_data.drop(['extra','mta_tax','improvement_surcharge'], axis=1)
# preview
gpu_trip_data.head()
        <Profiling data>:
                        Function  GPU calls  CPU calls
0  DataFrame.__getitem__          1          0
1          DataFrame.sum          1          0
2       DataFrame.assign          1          0
3         DataFrame.drop          1          0
4           NDFrame.head          1          0
5     DataFrame.__repr__          1          0
        <Execution time>: inf
        <Execution output>: The rewritten code resulted in a runtime error. An error occurred while executing the following cell:
------------------
trip_data_opt = trip_data
%LoadCheckpoint /scratch/jieq/pandax/ds_notebooks/nyc-taxi/src/small_bench/checkpoints/post_cell_10.pickle
assert compare_df(trip_data_opt, trip_data)

import numpy as np
if os.getenv("USE_GPU") == "True":
    import cudf
from elastic.core.common.pandas import is_type_styler
is_orig_output_pd = isinstance(orig_output, (pd.Series, pd.DataFrame, pd.Index))
is_opt_output_pd = isinstance(opt_output, (pd.Series, pd.DataFrame, pd.Index))
if os.getenv("USE_GPU") == "True":
    is_orig_output_array = isinstance(orig_output, (cudf.pandas._wrappers.numpy.ndarray, np.ndarray))
    is_opt_output_array = isinstance(opt_output, (cudf.pandas._wrappers.numpy.ndarray, np.ndarray))
else:
    is_orig_output_array = isinstance(orig_output, np.ndarray)
    is_opt_output_array = isinstance(opt_output, np.ndarray)

is_orig_output_styler = is_type_styler(type(orig_output))
is_opt_output_styler = is_type_styler(type(opt_output))
if is_orig_output_styler and is_opt_output_styler:
    assert orig_output.to_html() == opt_output.to_html()
elif is_orig_output_styler:
    assert orig_output.to_html() == opt_output.to_html()
elif is_opt_output_styler:
    assert opt_output.to_html() == orig_output

if is_orig_output_pd and is_opt_output_pd:
    assert orig_output.equals(opt_output)
# TODO: this is a hack.
elif ((is_orig_output_pd or is_opt_output_pd) and (is_orig_output_array or is_opt_output_array)) or (is_orig_output_array and is_opt_output_array):
    assert list(orig_output) == list(opt_output)
else:
    assert orig_output == opt_output

------------------

----- stdout -----
trying: ['trip_data']
----- stdout -----
me:  21
trying: ['benchmark_name']
me:  1
trying: ['BENCHMARKS_TO_PATHS']
me:  0
trying: ['orig_output']
me:  22
trying: ['factor']
me:  1
trying: ['file_loc']
me:  1
trying: ['Path']
me:  0
trying: ['map_payment_type']
me:  17
trying: ['pd']
me:  0
----- stdout -----
Declaring variable BENCHMARKS_TO_PATHS
Declaring variable Path
Declaring variable pd
Declaring variable benchmark_name
Declaring variable factor
Declaring variable file_loc
Declaring variable map_payment_type
Declaring variable trip_data
Declaring variable orig_output
------------------

[0;31m---------------------------------------------------------------------------[0m
[0;31mValueError[0m                                Traceback (most recent call last)
Cell [0;32mIn[9], line 3[0m
[1;32m      1[0m trip_data_opt [38;5;241m=[39m trip_data
[1;32m      2[0m get_ipython()[38;5;241m.[39mrun_line_magic([38;5;124m'[39m[38;5;124mLoadCheckpoint[39m[38;5;124m'[39m, [38;5;124m'[39m[38;5;124m/scratch/jieq/pandax/ds_notebooks/nyc-taxi/src/small_bench/checkpoints/post_cell_10.pickle[39m[38;5;124m'[39m)
[0;32m----> 3[0m [38;5;28;01massert[39;00m [43mcompare_df[49m[43m([49m[43mtrip_data_opt[49m[43m,[49m[43m [49m[43mtrip_data[49m[43m)[49m
[1;32m      5[0m [38;5;28;01mimport[39;00m[38;5;250m [39m[38;5;21;01mnumpy[39;00m[38;5;250m [39m[38;5;28;01mas[39;00m[38;5;250m [39m[38;5;21;01mnp[39;00m
[1;32m      6[0m [38;5;28;01mif[39;00m os[38;5;241m.[39mgetenv([38;5;124m"[39m[38;5;124mUSE_GPU[39m[38;5;124m"[39m) [38;5;241m==[39m [38;5;124m"[39m[38;5;124mTrue[39m[38;5;124m"[39m:

File [0;32m/scratch/jieq/elastic-notebook/elastic/core/common/pandas.py:120[0m, in [0;36mcompare_df[0;34m(df1, df2)[0m
[1;32m    118[0m [38;5;66;03m# Check shape[39;00m
[1;32m    119[0m [38;5;28;01mif[39;00m df1[38;5;241m.[39mshape [38;5;241m!=[39m df2[38;5;241m.[39mshape:
[0;32m--> 120[0m     [38;5;28;01mraise[39;00m [38;5;167;01mValueError[39;00m([38;5;124mf[39m[38;5;124m"[39m[38;5;124mShape mismatch: [39m[38;5;132;01m{[39;00mdf1[38;5;241m.[39mshape[38;5;132;01m}[39;00m[38;5;124m vs [39m[38;5;132;01m{[39;00mdf2[38;5;241m.[39mshape[38;5;132;01m}[39;00m[38;5;124m"[39m)
[1;32m    122[0m [38;5;66;03m# For DataFrames, check columns[39;00m
[1;32m    123[0m [38;5;28;01mif[39;00m is_type_dataframe([38;5;28mtype[39m(df1)) [38;5;129;01mand[39;00m is_type_dataframe([38;5;28mtype[39m(df2)):

[0;31mValueError[0m: Shape mismatch: (8759874, 19) vs (8759874, 16)

        <Iteration>: 4/5
    
Repairing the last generated code
Code: ### cell 10 ###

# compute total_taxes in one vectorized kernel instead of two binary adds
trip_data['total_taxes'] = trip_data[['extra', 'mta_tax', 'improvement_surcharge']].sum(axis=1)

# drop the now redundant columns in place
trip_data.drop(['extra', 'mta_tax', 'improvement_surcharge'], axis=1, inplace=True)

# preview
trip_data.head()
Reason: The error was caused by creating a new DataFrame (`gpu_trip_data`) instead of mutating `trip_data` itself, so the checkpoint comparison saw a shape mismatch. By dropping the columns in place on `trip_data` (and not assigning to a new variable), we restore the same schema that the assertions expect while still using a single vectorized sum for GPU efficiency.
Parsed response: ### cell 10 ###

# compute total_taxes in one vectorized kernel instead of two binary adds
trip_data['total_taxes'] = trip_data[['extra', 'mta_tax', 'improvement_surcharge']].sum(axis=1)

# drop the now redundant columns in place
trip_data.drop(['extra', 'mta_tax', 'improvement_surcharge'], axis=1, inplace=True)

# preview
trip_data.head()
Try 3: calling rewrite agent for cell 10 took 23.535208225250244 seconds.
Executing rewritten code... ### cell 10 ###

# compute total_taxes in one vectorized kernel instead of two binary adds
trip_data['total_taxes'] = trip_data[['extra', 'mta_tax', 'improvement_surcharge']].sum(axis=1)

# drop the now redundant columns in place
trip_data.drop(['extra', 'mta_tax', 'improvement_surcharge'], axis=1, inplace=True)

# preview
trip_data.head()
Running rewritten cell notebook
Finished executing the rewritten code.
Try 3: executing the rewritten code for cell 10 took 575.3234527111053 seconds.
Rewritten time: 113.0 ms
The rewritten code is correct. Profiling cudf...
Try 3: cudf profiling the rewritten code for cell 10 took 16.037256956100464 seconds.
gpu_calls_orig_perc: 1.0, gpu_calls_opt_perc: 1.0
orig_time: 8.27, opt_time: 113.0
Ratio improves.
Improvement in percentage does not make up for the slowdown.
Rewritten code took 113.0ms. The previous fastest solution took 8.27ms.
Previous best solution num GPU and CPU calls:  9 0
New solution num GPU and CPU calls:  6 0
========================================================
Rewriting cell 10... Try 4... 
Manager agent prompt:  
        <Original Code>:
        ### cell 10 ###

# create 'total_taxes' column from summing 'extra','mta_tax', 'improvement_surcharge'
trip_data["total_taxes"] = (
    trip_data["extra"] + trip_data["mta_tax"] + trip_data["improvement_surcharge"]
)
# drop 'extra','mta_tax','improvement_surcharge' columns
trip_data.drop(["extra", "mta_tax", "improvement_surcharge"], axis=1, inplace=True)
# print data head
trip_data.head()
        <Profiling data>:
                        Function  GPU calls  CPU calls
0  DataFrame.__getitem__          3          0
1       OpsMixin.__add__          2          0
2  DataFrame.__setitem__          1          0
3         DataFrame.drop          1          0
4           NDFrame.head          1          0
5     DataFrame.__repr__          1          0
        <Execution time>: 8.27
        <Active Vars>: ['trip_data']
        <Future Vars>: []
        <Rewritten Code>:
        ### cell 10 ###

# compute total_taxes in one vectorized kernel instead of two binary adds
trip_data['total_taxes'] = trip_data[['extra', 'mta_tax', 'improvement_surcharge']].sum(axis=1)

# drop the now redundant columns in place
trip_data.drop(['extra', 'mta_tax', 'improvement_surcharge'], axis=1, inplace=True)

# preview
trip_data.head()
        <Profiling data>:
                        Function  GPU calls  CPU calls
0  DataFrame.__getitem__          1          0
1          DataFrame.sum          1          0
2  DataFrame.__setitem__          1          0
3         DataFrame.drop          1          0
4           NDFrame.head          1          0
5     DataFrame.__repr__          1          0
        <Execution time>: 113.0
        <Execution output>: Rewritten time: 113.0 ms
Original time: 8.27 ms
        <Iteration>: 5/5
    
==========Running the manager agent to decide the next step==========
Choice: done
Reason: The rewritten code uses a more efficient vectorized operation to sum columns, but despite this optimization, the execution time has increased, possibly due to overhead with larger data or profiling inaccuracies. Moreover, it's the final iteration, so no further optimization is needed.
Code is already optimized
Try 4: calling rewrite agent for cell 10 took 1.4147899150848389 seconds.
Could not rewrite the cell. Continuing to next cell...
========================================================
After rewriting cell  10
Rewritten post-checkpoint path: /scratch/jieq/pandax/ds_notebooks/nyc-taxi/src/small_bench/checkpoints/post_cell_10.pickle
========================================================
Cell 10 rewriting took 1972.9980375766754 seconds.
Getting original timing for cell 11
Original time for cell 11 took 63.061137437820435 seconds.
Setting initially best_rewritten_post_checkpoint_path:  /scratch/jieq/pandax/ds_notebooks/nyc-taxi/src/small_bench/checkpoints/post_cell_11.pickle
========================================================
Rewriting cell 11... Try 0... 
Manager agent prompt:  
        <Original Code>:
        ### cell 11 ###

# continuous_columns list
continuous_columns = [
    "fare_amount",
    "tip_amount",
    "total_taxes",
    "total_amount",
    "duration",
    "trip_distance",
    "tolls_amount",
]
        <Profiling data>:
        Empty DataFrame
Columns: []
Index: []

        <Execution time>: 0.00381
        <Active vars>: ['continuous_columns']

        <Future vars>: ['trip_data']

        <Iteration>: 1/5
    
==========Running the manager agent to decide the next step==========
Choice: new
Reason: There is no rewritten code and the original code is simple, but the primary purpose is the declaration of a list. We'll attempt optimization based on future context.
Generating new code from the original code
Prompt: 
        <Original Code>:
        ### cell 11 ###

# continuous_columns list
continuous_columns = [
    "fare_amount",
    "tip_amount",
    "total_taxes",
    "total_amount",
    "duration",
    "trip_distance",
    "tolls_amount",
]
        <Profiling data>:
        Empty DataFrame
Columns: []
Index: []

        <Execution time>: 0.00381
        <Active vars>: ['continuous_columns']

        <Future vars>: ['trip_data']

        <Iteration>: 1/5
    
Code: done
Reason: This cell only defines a Python list and contains no pandas operations to optimize for GPU processing.
No Modifications made to the original code
Try 0: calling rewrite agent for cell 11 took 4.477928161621094 seconds.
There is no need to rewrite the cell.
Could not rewrite the cell. Continuing to next cell...
========================================================
After rewriting cell  11
Rewritten post-checkpoint path: /scratch/jieq/pandax/ds_notebooks/nyc-taxi/src/small_bench/checkpoints/post_cell_11.pickle
========================================================
Cell 11 rewriting took 67.54048037528992 seconds.
Getting original timing for cell 12
Original time for cell 12 took 64.05742025375366 seconds.
Setting initially best_rewritten_post_checkpoint_path:  /scratch/jieq/pandax/ds_notebooks/nyc-taxi/src/small_bench/checkpoints/post_cell_12.pickle
========================================================
Rewriting cell 12... Try 0... 
Manager agent prompt:  
        <Original Code>:
        ### cell 12 ###

# use .describe() for showing the statistics for continuous columns
trip_data[continuous_columns].describe()
        <Profiling data>:
                        Function  GPU calls  CPU calls
0  DataFrame.__getitem__          1          0
1       NDFrame.describe          1          0
2     DataFrame.__repr__          1          0

        <Execution time>: 485.0
        <Active vars>: []

        <Future vars>: ['continuous_columns', 'trip_data']

        <Iteration>: 1/5
    
==========Running the manager agent to decide the next step==========
Choice: done
Reason: The code is primarily for showing statistics using `.describe()`, which cannot be meaningfully optimized.
Code is already optimized
Try 0: calling rewrite agent for cell 12 took 1.2467138767242432 seconds.
There is no need to rewrite the cell.
Could not rewrite the cell. Continuing to next cell...
========================================================
After rewriting cell  12
Rewritten post-checkpoint path: /scratch/jieq/pandax/ds_notebooks/nyc-taxi/src/small_bench/checkpoints/post_cell_12.pickle
========================================================
Cell 12 rewriting took 65.30652713775635 seconds.
Getting original timing for cell 13
Original time for cell 13 took 64.06500387191772 seconds.
Setting initially best_rewritten_post_checkpoint_path:  /scratch/jieq/pandax/ds_notebooks/nyc-taxi/src/small_bench/checkpoints/post_cell_13.pickle
========================================================
Rewriting cell 13... Try 0... 
Manager agent prompt:  
        <Original Code>:
        ### cell 13 ###

# using .loc to show negative values in fare_amount
trip_data.loc[trip_data["fare_amount"] < 0]
        <Profiling data>:
                               Function  GPU calls  CPU calls
0         DataFrame.__getitem__          1          0
1               OpsMixin.__lt__          1          0
2  _LocationIndexer.__getitem__          1          0
3            DataFrame.__repr__          1          0

        <Execution time>: 16.1
        <Active vars>: []

        <Future vars>: ['continuous_columns', 'trip_data']

        <Iteration>: 1/5
    
==========Running the manager agent to decide the next step==========
Choice: new
Reason: The primary purpose of the code is to display specific data, and it cannot be meaningfully optimized. There is no rewritten code to build upon, so we should try to create a more optimized approach for the original code.
Generating new code from the original code
Prompt: 
        <Original Code>:
        ### cell 13 ###

# using .loc to show negative values in fare_amount
trip_data.loc[trip_data["fare_amount"] < 0]
        <Profiling data>:
                               Function  GPU calls  CPU calls
0         DataFrame.__getitem__          1          0
1               OpsMixin.__lt__          1          0
2  _LocationIndexer.__getitem__          1          0
3            DataFrame.__repr__          1          0

        <Execution time>: 16.1
        <Active vars>: []

        <Future vars>: ['continuous_columns', 'trip_data']

        <Iteration>: 1/5
    
Code: done
Reason: The operation is already fully executed on the GPU with no CPU overhead, so no changes are needed for cudf optimization.
No Modifications made to the original code
Try 0: calling rewrite agent for cell 13 took 10.119239330291748 seconds.
There is no need to rewrite the cell.
Could not rewrite the cell. Continuing to next cell...
========================================================
After rewriting cell  13
Rewritten post-checkpoint path: /scratch/jieq/pandax/ds_notebooks/nyc-taxi/src/small_bench/checkpoints/post_cell_13.pickle
========================================================
Cell 13 rewriting took 74.1865873336792 seconds.
Getting original timing for cell 14
Original time for cell 14 took 64.06673336029053 seconds.
Setting initially best_rewritten_post_checkpoint_path:  /scratch/jieq/pandax/ds_notebooks/nyc-taxi/src/small_bench/checkpoints/post_cell_14.pickle
========================================================
Rewriting cell 14... Try 0... 
Manager agent prompt:  
        <Original Code>:
        ### cell 14 ###

# using .loc to show negative values in tip_amount
trip_data.loc[trip_data["tip_amount"] < 0]
        <Profiling data>:
                               Function  GPU calls  CPU calls
0         DataFrame.__getitem__          1          0
1               OpsMixin.__lt__          1          0
2  _LocationIndexer.__getitem__          1          0
3            DataFrame.__repr__          1          0

        <Execution time>: 15.8
        <Active vars>: []

        <Future vars>: ['continuous_columns', 'trip_data']

        <Iteration>: 1/5
    
==========Running the manager agent to decide the next step==========
Choice: new
Reason: The code is primarily being used for data filtering and does not seem to be optimized for performance. Since this is the first iteration, we have room to re-approach the original code for better performance, possibly by utilizing GPU-accelerated libraries more effectively.
Generating new code from the original code
Prompt: 
        <Original Code>:
        ### cell 14 ###

# using .loc to show negative values in tip_amount
trip_data.loc[trip_data["tip_amount"] < 0]
        <Profiling data>:
                               Function  GPU calls  CPU calls
0         DataFrame.__getitem__          1          0
1               OpsMixin.__lt__          1          0
2  _LocationIndexer.__getitem__          1          0
3            DataFrame.__repr__          1          0

        <Execution time>: 15.8
        <Active vars>: []

        <Future vars>: ['continuous_columns', 'trip_data']

        <Iteration>: 1/5
    
Code: done
Reason: The operation already runs fully on the GPU using vectorized cudf operations; no further optimization is needed.
No Modifications made to the original code
Try 0: calling rewrite agent for cell 14 took 3.7462234497070312 seconds.
There is no need to rewrite the cell.
Could not rewrite the cell. Continuing to next cell...
========================================================
After rewriting cell  14
Rewritten post-checkpoint path: /scratch/jieq/pandax/ds_notebooks/nyc-taxi/src/small_bench/checkpoints/post_cell_14.pickle
========================================================
Cell 14 rewriting took 67.81543469429016 seconds.
Getting original timing for cell 15
Original time for cell 15 took 64.06527614593506 seconds.
Setting initially best_rewritten_post_checkpoint_path:  /scratch/jieq/pandax/ds_notebooks/nyc-taxi/src/small_bench/checkpoints/post_cell_15.pickle
========================================================
Rewriting cell 15... Try 0... 
Manager agent prompt:  
        <Original Code>:
        ### cell 15 ###

# using .loc to show negative values in tolls_amount
trip_data.loc[trip_data["tolls_amount"] < 0]
        <Profiling data>:
                               Function  GPU calls  CPU calls
0         DataFrame.__getitem__          1          0
1               OpsMixin.__lt__          1          0
2  _LocationIndexer.__getitem__          1          0
3            DataFrame.__repr__          1          0

        <Execution time>: 15.8
        <Active vars>: []

        <Future vars>: ['continuous_columns', 'trip_data']

        <Iteration>: 1/5
    
==========Running the manager agent to decide the next step==========
Choice: done
Reason: The code is primarily for data inspection, showing negative values in a specific column, which doesn't require optimization.
Code is already optimized
Try 0: calling rewrite agent for cell 15 took 1.2027313709259033 seconds.
There is no need to rewrite the cell.
Could not rewrite the cell. Continuing to next cell...
========================================================
After rewriting cell  15
Rewritten post-checkpoint path: /scratch/jieq/pandax/ds_notebooks/nyc-taxi/src/small_bench/checkpoints/post_cell_15.pickle
========================================================
Cell 15 rewriting took 65.27033400535583 seconds.
Getting original timing for cell 16
Original time for cell 16 took 63.06441378593445 seconds.
Setting initially best_rewritten_post_checkpoint_path:  /scratch/jieq/pandax/ds_notebooks/nyc-taxi/src/small_bench/checkpoints/post_cell_16.pickle
========================================================
Rewriting cell 16... Try 0... 
Manager agent prompt:  
        <Original Code>:
        ### cell 16 ###

# using .loc to show negative values in total_taxes
trip_data.loc[trip_data["total_taxes"] < 0]
        <Profiling data>:
                               Function  GPU calls  CPU calls
0         DataFrame.__getitem__          1          0
1               OpsMixin.__lt__          1          0
2  _LocationIndexer.__getitem__          1          0
3            DataFrame.__repr__          1          0

        <Execution time>: 16.1
        <Active vars>: []

        <Future vars>: ['continuous_columns', 'trip_data']

        <Iteration>: 1/5
    
==========Running the manager agent to decide the next step==========
Choice: new
Reason: The code seems to be primarily for locating and displaying negative values which typically can't be optimized for performance. However, given that we are on an early iteration, we could explore alternative methods to do this operation more efficiently if there are larger datasets or more complex workflows.
Generating new code from the original code
Prompt: 
        <Original Code>:
        ### cell 16 ###

# using .loc to show negative values in total_taxes
trip_data.loc[trip_data["total_taxes"] < 0]
        <Profiling data>:
                               Function  GPU calls  CPU calls
0         DataFrame.__getitem__          1          0
1               OpsMixin.__lt__          1          0
2  _LocationIndexer.__getitem__          1          0
3            DataFrame.__repr__          1          0

        <Execution time>: 16.1
        <Active vars>: []

        <Future vars>: ['continuous_columns', 'trip_data']

        <Iteration>: 1/5
    
Code: done
Reason: The snippet already uses vectorized boolean indexing which is fully GPU-accelerated under cudf. No further optimization is needed.
No Modifications made to the original code
Try 0: calling rewrite agent for cell 16 took 5.390361309051514 seconds.
There is no need to rewrite the cell.
Could not rewrite the cell. Continuing to next cell...
========================================================
After rewriting cell  16
Rewritten post-checkpoint path: /scratch/jieq/pandax/ds_notebooks/nyc-taxi/src/small_bench/checkpoints/post_cell_16.pickle
========================================================
Cell 16 rewriting took 68.45736622810364 seconds.
Getting original timing for cell 17
Original time for cell 17 took 63.066444873809814 seconds.
Setting initially best_rewritten_post_checkpoint_path:  /scratch/jieq/pandax/ds_notebooks/nyc-taxi/src/small_bench/checkpoints/post_cell_17.pickle
========================================================
Rewriting cell 17... Try 0... 
Manager agent prompt:  
        <Original Code>:
        ### cell 17 ###

# using .loc to show negative values in total_amount
trip_data.loc[trip_data["total_amount"] < 0]
        <Profiling data>:
                               Function  GPU calls  CPU calls
0         DataFrame.__getitem__          1          0
1               OpsMixin.__lt__          1          0
2  _LocationIndexer.__getitem__          1          0
3            DataFrame.__repr__          1          0

        <Execution time>: 16.1
        <Active vars>: []

        <Future vars>: ['continuous_columns', 'trip_data']

        <Iteration>: 1/5
    
==========Running the manager agent to decide the next step==========
Choice: new
Reason: The original code is primarily for display purposes and cannot be optimized for performance beyond its current implementation. However, since this is the first iteration and more revisions are possible, starting anew could provide potential improvements, especially if the data selection logic must be optimized further in subsequent iterations.
Generating new code from the original code
Prompt: 
        <Original Code>:
        ### cell 17 ###

# using .loc to show negative values in total_amount
trip_data.loc[trip_data["total_amount"] < 0]
        <Profiling data>:
                               Function  GPU calls  CPU calls
0         DataFrame.__getitem__          1          0
1               OpsMixin.__lt__          1          0
2  _LocationIndexer.__getitem__          1          0
3            DataFrame.__repr__          1          0

        <Execution time>: 16.1
        <Active vars>: []

        <Future vars>: ['continuous_columns', 'trip_data']

        <Iteration>: 1/5
    
Code: done
Reason: The boolean indexing with .loc is already fully GPU-accelerated under cudf.pandas and there is no further vectorization or CPU-to-GPU bottleneck to eliminate.
No Modifications made to the original code
Try 0: calling rewrite agent for cell 17 took 9.693007946014404 seconds.
There is no need to rewrite the cell.
Could not rewrite the cell. Continuing to next cell...
========================================================
After rewriting cell  17
Rewritten post-checkpoint path: /scratch/jieq/pandax/ds_notebooks/nyc-taxi/src/small_bench/checkpoints/post_cell_17.pickle
========================================================
Cell 17 rewriting took 72.76193332672119 seconds.
Getting original timing for cell 18
Original time for cell 18 took 73.07022619247437 seconds.
Setting initially best_rewritten_post_checkpoint_path:  /scratch/jieq/pandax/ds_notebooks/nyc-taxi/src/small_bench/checkpoints/post_cell_18.pickle
========================================================
Rewriting cell 18... Try 0... 
Manager agent prompt:  
        <Original Code>:
        ### cell 18 ###

# data shape before filtering negative fare_amount rows
print(trip_data.shape)
# using .loc to filter only those rows where fare_amount is positive
trip_data = trip_data.loc[trip_data["fare_amount"] >= 0]
trip_data.shape, trip_data.head()
        <Profiling data>:
                               Function  GPU calls  CPU calls
0         DataFrame.__getitem__          1          0
1               OpsMixin.__ge__          1          0
2  _LocationIndexer.__getitem__          1          0
3                  NDFrame.head          1          0
4            DataFrame.__repr__          1          0

        <Execution time>: 34.2
        <Active vars>: ['trip_data']

        <Future vars>: ['continuous_columns']

        <Iteration>: 1/5
    
==========Running the manager agent to decide the next step==========
Choice: new
Reason: The current code uses basic DataFrame operations that might be optimized by leveraging more efficient processing strategies or libraries, considering there are several iterations left to explore better alternatives.
Generating new code from the original code
Prompt: 
        <Original Code>:
        ### cell 18 ###

# data shape before filtering negative fare_amount rows
print(trip_data.shape)
# using .loc to filter only those rows where fare_amount is positive
trip_data = trip_data.loc[trip_data["fare_amount"] >= 0]
trip_data.shape, trip_data.head()
        <Profiling data>:
                               Function  GPU calls  CPU calls
0         DataFrame.__getitem__          1          0
1               OpsMixin.__ge__          1          0
2  _LocationIndexer.__getitem__          1          0
3                  NDFrame.head          1          0
4            DataFrame.__repr__          1          0

        <Execution time>: 34.2
        <Active vars>: ['trip_data']

        <Future vars>: ['continuous_columns']

        <Iteration>: 1/5
    
Code: done
Reason: The filtering operation using .loc is already GPU-accelerated with no CPU overhead, so no further changes are needed for cuDF optimization in this cell.
No Modifications made to the original code
Try 0: calling rewrite agent for cell 18 took 6.630980968475342 seconds.
There is no need to rewrite the cell.
Could not rewrite the cell. Continuing to next cell...
========================================================
After rewriting cell  18
Rewritten post-checkpoint path: /scratch/jieq/pandax/ds_notebooks/nyc-taxi/src/small_bench/checkpoints/post_cell_18.pickle
========================================================
Cell 18 rewriting took 79.7035620212555 seconds.
Getting original timing for cell 19
Original time for cell 19 took 79.06996893882751 seconds.
Setting initially best_rewritten_post_checkpoint_path:  /scratch/jieq/pandax/ds_notebooks/nyc-taxi/src/small_bench/checkpoints/post_cell_19.pickle
========================================================
Rewriting cell 19... Try 0... 
Manager agent prompt:  
        <Original Code>:
        ### cell 19 ###

# using .loc to show negative values in duration
trip_data.loc[trip_data["duration"] < 0]
        <Profiling data>:
                               Function  GPU calls  CPU calls
0         DataFrame.__getitem__          1          0
1               OpsMixin.__lt__          1          0
2  _LocationIndexer.__getitem__          1          0
3            DataFrame.__repr__          1          0

        <Execution time>: 87.2
        <Active vars>: []

        <Future vars>: ['continuous_columns', 'trip_data']

        <Iteration>: 1/5
    
==========Running the manager agent to decide the next step==========
Choice: new
Reason: The current iteration is 1/5, and there is potential to optimize the data manipulation and access using libraries better suited for GPU operations. We can attempt a new optimization approach with the original code.
Generating new code from the original code
Prompt: 
        <Original Code>:
        ### cell 19 ###

# using .loc to show negative values in duration
trip_data.loc[trip_data["duration"] < 0]
        <Profiling data>:
                               Function  GPU calls  CPU calls
0         DataFrame.__getitem__          1          0
1               OpsMixin.__lt__          1          0
2  _LocationIndexer.__getitem__          1          0
3            DataFrame.__repr__          1          0

        <Execution time>: 87.2
        <Active vars>: []

        <Future vars>: ['continuous_columns', 'trip_data']

        <Iteration>: 1/5
    
Code: # Show only the first few negative‐duration records to avoid pulling the entire slice back to the host
gpu_neg = trip_data[trip_data.duration < 0].head()
gpu_neg
Reason: By dropping `.loc` and using direct boolean indexing with `.head()`, we avoid constructing and rendering the full filtered DataFrame on the host, reducing GPU‐to‐CPU transfer and repr overhead.
Parsed response: # Show only the first few negative‐duration records to avoid pulling the entire slice back to the host
gpu_neg = trip_data[trip_data.duration < 0].head()
gpu_neg
Try 0: calling rewrite agent for cell 19 took 18.132066249847412 seconds.
Executing rewritten code... ### cell 19 ###

# Show only the first few negative‐duration records to avoid pulling the entire slice back to the host
gpu_neg = trip_data[trip_data.duration < 0].head()
gpu_neg
Running rewritten cell notebook
Finished executing the rewritten code.
Try 0: executing the rewritten code for cell 19 took 61.05861711502075 seconds.
Rewritten time: 92.6 ms
The rewritten code is correct. Profiling cudf...
Try 0: cudf profiling the rewritten code for cell 19 took 14.834029197692871 seconds.
gpu_calls_orig_perc: 1.0, gpu_calls_opt_perc: 1.0
orig_time: 87.2, opt_time: 92.6
Ratio improves.
Improvement in percentage does not make up for the slowdown.
Rewritten code took 92.6ms. The previous fastest solution took 87.2ms.
Previous best solution num GPU and CPU calls:  4 0
New solution num GPU and CPU calls:  5 0
========================================================
Rewriting cell 19... Try 1... 
Manager agent prompt:  
        <Original Code>:
        ### cell 19 ###

# using .loc to show negative values in duration
trip_data.loc[trip_data["duration"] < 0]
        <Profiling data>:
                               Function  GPU calls  CPU calls
0         DataFrame.__getitem__          1          0
1               OpsMixin.__lt__          1          0
2  _LocationIndexer.__getitem__          1          0
3            DataFrame.__repr__          1          0
        <Execution time>: 87.2
        <Active Vars>: []
        <Future Vars>: ['continuous_columns', 'trip_data']
        <Rewritten Code>:
        ### cell 19 ###

# Show only the first few negative‐duration records to avoid pulling the entire slice back to the host
gpu_neg = trip_data[trip_data.duration < 0].head()
gpu_neg
        <Profiling data>:
                        Function  GPU calls  CPU calls
0    NDFrame.__getattr__          1          0
1        OpsMixin.__lt__          1          0
2  DataFrame.__getitem__          1          0
3           NDFrame.head          1          0
4     DataFrame.__repr__          1          0
        <Execution time>: 92.6
        <Execution output>: Rewritten time: 92.6 ms
Original time: 87.2 ms
        <Iteration>: 2/5
    
==========Running the manager agent to decide the next step==========
Choice: optimize
Reason: The rewritten code takes longer than the original and has room for optimization. We should explore further optimizations to reduce execution time.
Code optimizer prompt:  
        <Original Code>:
        ### cell 19 ###

# Show only the first few negative‐duration records to avoid pulling the entire slice back to the host
gpu_neg = trip_data[trip_data.duration < 0].head()
gpu_neg
        <Profiling data>:
                        Function  GPU calls  CPU calls
0    NDFrame.__getattr__          1          0
1        OpsMixin.__lt__          1          0
2  DataFrame.__getitem__          1          0
3           NDFrame.head          1          0
4     DataFrame.__repr__          1          0

        <Execution time>: 92.6
        <Active vars>: []

        <Future vars>: ['continuous_columns', 'trip_data']

        <Iteration>: 2/5
    
Optimizing the last generated code
No Modifications made to the original code
Try 1: calling rewrite agent for cell 19 took 12.282111883163452 seconds.
Could not rewrite the cell. Continuing to next cell...
========================================================
After rewriting cell  19
Rewritten post-checkpoint path: /scratch/jieq/pandax/ds_notebooks/nyc-taxi/src/small_bench/checkpoints/post_cell_19.pickle
========================================================
Cell 19 rewriting took 185.40886926651 seconds.
Getting original timing for cell 20
Original time for cell 20 took 79.07092213630676 seconds.
Setting initially best_rewritten_post_checkpoint_path:  /scratch/jieq/pandax/ds_notebooks/nyc-taxi/src/small_bench/checkpoints/post_cell_20.pickle
========================================================
Rewriting cell 20... Try 0... 
Manager agent prompt:  
        <Original Code>:
        ### cell 20 ###

# using .loc to filter only those rows where duration is positive
trip_data = trip_data.loc[trip_data["duration"] >= 0]
trip_data.shape
        <Profiling data>:
                               Function  GPU calls  CPU calls
0         DataFrame.__getitem__          1          0
1               OpsMixin.__ge__          1          0
2  _LocationIndexer.__getitem__          1          0

        <Execution time>: 27.0
        <Active vars>: ['trip_data']

        <Future vars>: ['continuous_columns']

        <Iteration>: 1/5
    
==========Running the manager agent to decide the next step==========
Choice: new
Reason: The original code performs a simple filtering operation that could potentially be optimized. There is no rewritten code available. We should try optimizing this operation to improve performance within the remaining iterations.
Generating new code from the original code
Prompt: 
        <Original Code>:
        ### cell 20 ###

# using .loc to filter only those rows where duration is positive
trip_data = trip_data.loc[trip_data["duration"] >= 0]
trip_data.shape
        <Profiling data>:
                               Function  GPU calls  CPU calls
0         DataFrame.__getitem__          1          0
1               OpsMixin.__ge__          1          0
2  _LocationIndexer.__getitem__          1          0

        <Execution time>: 27.0
        <Active vars>: ['trip_data']

        <Future vars>: ['continuous_columns']

        <Iteration>: 1/5
    
Code: done
Reason: All operations (.loc, comparison) are already executed on the GPU with no CPU calls; no further optimization needed.
No Modifications made to the original code
Try 0: calling rewrite agent for cell 20 took 8.083998680114746 seconds.
There is no need to rewrite the cell.
Could not rewrite the cell. Continuing to next cell...
========================================================
After rewriting cell  20
Rewritten post-checkpoint path: /scratch/jieq/pandax/ds_notebooks/nyc-taxi/src/small_bench/checkpoints/post_cell_20.pickle
========================================================
Cell 20 rewriting took 87.15705251693726 seconds.
Getting original timing for cell 21
Original time for cell 21 took 79.071617603302 seconds.
Setting initially best_rewritten_post_checkpoint_path:  /scratch/jieq/pandax/ds_notebooks/nyc-taxi/src/small_bench/checkpoints/post_cell_21.pickle
========================================================
Rewriting cell 21... Try 0... 
Manager agent prompt:  
        <Original Code>:
        ### cell 21 ###

# use .describe() again to show the statistics for these continuous variables
trip_data[continuous_columns].describe()
        <Profiling data>:
                        Function  GPU calls  CPU calls
0  DataFrame.__getitem__          1          0
1       NDFrame.describe          1          0
2     DataFrame.__repr__          1          0

        <Execution time>: 523.0
        <Active vars>: []

        <Future vars>: ['trip_data']

        <Iteration>: 1/5
    
==========Running the manager agent to decide the next step==========
Choice: done
Reason: The code is primarily performing a statistical description using `.describe()`, which is mainly for debugging or analysis purposes and cannot be meaningfully optimized further.
Code is already optimized
Try 0: calling rewrite agent for cell 21 took 1.2076489925384521 seconds.
There is no need to rewrite the cell.
Could not rewrite the cell. Continuing to next cell...
========================================================
After rewriting cell  21
Rewritten post-checkpoint path: /scratch/jieq/pandax/ds_notebooks/nyc-taxi/src/small_bench/checkpoints/post_cell_21.pickle
========================================================
Cell 21 rewriting took 80.28166317939758 seconds.
Getting original timing for cell 22
Original time for cell 22 took 77.0738034248352 seconds.
Setting initially best_rewritten_post_checkpoint_path:  /scratch/jieq/pandax/ds_notebooks/nyc-taxi/src/small_bench/checkpoints/post_cell_22.pickle
========================================================
Rewriting cell 22... Try 0... 
Manager agent prompt:  
        <Original Code>:
        ### cell 22 ###

# list of categorical_variables
categorical_variables = [
    "payment_type",
    "trip_pickup_hour",
    "trip_dropoff_hour",
    "trip_day",
    "PULocationID",
    "DOLocationID",
]
        <Profiling data>:
        Empty DataFrame
Columns: []
Index: []

        <Execution time>: 0.00453
        <Active vars>: []

        <Future vars>: ['trip_data']

        <Iteration>: 1/5
    
==========Running the manager agent to decide the next step==========
Choice: new
Reason: There is no rewritten code provided. We should attempt to optimize or continue optimizing the original code to produce a new version.
Generating new code from the original code
Prompt: 
        <Original Code>:
        ### cell 22 ###

# list of categorical_variables
categorical_variables = [
    "payment_type",
    "trip_pickup_hour",
    "trip_dropoff_hour",
    "trip_day",
    "PULocationID",
    "DOLocationID",
]
        <Profiling data>:
        Empty DataFrame
Columns: []
Index: []

        <Execution time>: 0.00453
        <Active vars>: []

        <Future vars>: ['trip_data']

        <Iteration>: 1/5
    
Code: done
Reason: This cell only defines a Python list of categorical variables. No CPU-bound data operations are performed, so no changes are needed for cudf optimization.
No Modifications made to the original code
Try 0: calling rewrite agent for cell 22 took 3.8857247829437256 seconds.
There is no need to rewrite the cell.
Could not rewrite the cell. Continuing to next cell...
========================================================
After rewriting cell  22
Rewritten post-checkpoint path: /scratch/jieq/pandax/ds_notebooks/nyc-taxi/src/small_bench/checkpoints/post_cell_22.pickle
========================================================
Cell 22 rewriting took 80.96064901351929 seconds.
Getting original timing for cell 23
Original time for cell 23 took 78.07271075248718 seconds.
Setting initially best_rewritten_post_checkpoint_path:  /scratch/jieq/pandax/ds_notebooks/nyc-taxi/src/small_bench/checkpoints/post_cell_23.pickle
========================================================
Rewriting cell 23... Try 0... 
Manager agent prompt:  
        <Original Code>:
        ### cell 23 ###

# start exploration with payment_type using .value_counts()
trip_data["payment_type"].value_counts()
        <Profiling data>:
                             Function  GPU calls  CPU calls
0       DataFrame.__getitem__          1          0
1  IndexOpsMixin.value_counts          1          0
2             Series.__repr__          1          0
3        NDFrame._repr_latex_          0          1

        <Execution time>: 121.0
        <Active vars>: []

        <Future vars>: ['trip_data']

        <Iteration>: 1/5
    
==========Running the manager agent to decide the next step==========
Choice: new
Reason: The code involves data exploration that doesn't benefit much from traditional optimization. However, alternatives or more efficient methods might still exist, which could help to achieve faster execution. Since we're at the start of the iterations, it's worth exploring new ways to optimize the original code.
Generating new code from the original code
Prompt: 
        <Original Code>:
        ### cell 23 ###

# start exploration with payment_type using .value_counts()
trip_data["payment_type"].value_counts()
        <Profiling data>:
                             Function  GPU calls  CPU calls
0       DataFrame.__getitem__          1          0
1  IndexOpsMixin.value_counts          1          0
2             Series.__repr__          1          0
3        NDFrame._repr_latex_          0          1

        <Execution time>: 121.0
        <Active vars>: []

        <Future vars>: ['trip_data']

        <Iteration>: 1/5
    
Code: done
Reason: The original code already uses cuDF’s GPU-accelerated value_counts via the pandas API extension; no further optimization is needed.
No Modifications made to the original code
Try 0: calling rewrite agent for cell 23 took 4.3865416049957275 seconds.
There is no need to rewrite the cell.
Could not rewrite the cell. Continuing to next cell...
========================================================
After rewriting cell  23
Rewritten post-checkpoint path: /scratch/jieq/pandax/ds_notebooks/nyc-taxi/src/small_bench/checkpoints/post_cell_23.pickle
========================================================
Cell 23 rewriting took 82.46174192428589 seconds.
Getting original timing for cell 24
Original time for cell 24 took 79.07743287086487 seconds.
Setting initially best_rewritten_post_checkpoint_path:  /scratch/jieq/pandax/ds_notebooks/nyc-taxi/src/small_bench/checkpoints/post_cell_24.pickle
========================================================
Rewriting cell 24... Try 0... 
Manager agent prompt:  
        <Original Code>:
        ### cell 24 ###

# but this is a series for ease of plotting we need to use dataframe using .reset_index() on value_counts()
payment_type_category_count = trip_data["payment_type"].value_counts().reset_index()
payment_type_category_count.columns = ["payment_type", "count"]
# print the above dataframe
payment_type_category_count
        <Profiling data>:
                             Function  GPU calls  CPU calls
0       DataFrame.__getitem__          1          0
1  IndexOpsMixin.value_counts          1          0
2          Series.reset_index          1          0
3         NDFrame.__setattr__          1          0
4          DataFrame.__repr__          1          0

        <Execution time>: 142.0
        <Active vars>: ['payment_type_category_count']

        <Future vars>: ['trip_data']

        <Iteration>: 1/5
    
==========Running the manager agent to decide the next step==========
Choice: new
Reason: No rewritten code exists; an opportunity to explore alternative optimizations for the original code.
Generating new code from the original code
Prompt: 
        <Original Code>:
        ### cell 24 ###

# but this is a series for ease of plotting we need to use dataframe using .reset_index() on value_counts()
payment_type_category_count = trip_data["payment_type"].value_counts().reset_index()
payment_type_category_count.columns = ["payment_type", "count"]
# print the above dataframe
payment_type_category_count
        <Profiling data>:
                             Function  GPU calls  CPU calls
0       DataFrame.__getitem__          1          0
1  IndexOpsMixin.value_counts          1          0
2          Series.reset_index          1          0
3         NDFrame.__setattr__          1          0
4          DataFrame.__repr__          1          0

        <Execution time>: 142.0
        <Active vars>: ['payment_type_category_count']

        <Future vars>: ['trip_data']

        <Iteration>: 1/5
    
Code: # Optimized GPU-based counting using groupby and size
df = trip_data.groupby("payment_type").size().reset_index(name="count")
payment_type_category_count = df

# Display the result
payment_type_category_count
Reason: Replaced Series.value_counts + reset_index + column rename (4 GPU calls) with a single groupby.size + reset_index (2 GPU calls). This reduces kernel launches and metadata operations while producing the same DataFrame of payment_type counts.
Parsed response: # Optimized GPU-based counting using groupby and size
df = trip_data.groupby("payment_type").size().reset_index(name="count")
payment_type_category_count = df

# Display the result
payment_type_category_count
Try 0: calling rewrite agent for cell 24 took 20.599200010299683 seconds.
Executing rewritten code... ### cell 24 ###

# Optimized GPU-based counting using groupby and size
df = trip_data.groupby("payment_type").size().reset_index(name="count")
payment_type_category_count = df

# Display the result
payment_type_category_count
Running rewritten cell notebook
An unexpected error occurred An error occurred while executing the following cell:
------------------
payment_type_category_count_opt = payment_type_category_count
%LoadCheckpoint /scratch/jieq/pandax/ds_notebooks/nyc-taxi/src/small_bench/checkpoints/post_cell_24.pickle
assert compare_df(payment_type_category_count_opt, payment_type_category_count)

import numpy as np
if os.getenv("USE_GPU") == "True":
    import cudf
from elastic.core.common.pandas import is_type_styler
is_orig_output_pd = isinstance(orig_output, (pd.Series, pd.DataFrame, pd.Index))
is_opt_output_pd = isinstance(opt_output, (pd.Series, pd.DataFrame, pd.Index))
if os.getenv("USE_GPU") == "True":
    is_orig_output_array = isinstance(orig_output, (cudf.pandas._wrappers.numpy.ndarray, np.ndarray))
    is_opt_output_array = isinstance(opt_output, (cudf.pandas._wrappers.numpy.ndarray, np.ndarray))
else:
    is_orig_output_array = isinstance(orig_output, np.ndarray)
    is_opt_output_array = isinstance(opt_output, np.ndarray)

is_orig_output_styler = is_type_styler(type(orig_output))
is_opt_output_styler = is_type_styler(type(opt_output))
if is_orig_output_styler and is_opt_output_styler:
    assert orig_output.to_html() == opt_output.to_html()
elif is_orig_output_styler:
    assert orig_output.to_html() == opt_output.to_html()
elif is_opt_output_styler:
    assert opt_output.to_html() == orig_output

if is_orig_output_pd and is_opt_output_pd:
    assert orig_output.equals(opt_output)
# TODO: this is a hack.
elif ((is_orig_output_pd or is_opt_output_pd) and (is_orig_output_array or is_opt_output_array)) or (is_orig_output_array and is_opt_output_array):
    assert list(orig_output) == list(opt_output)
else:
    assert orig_output == opt_output

------------------

----- stdout -----
trying: ['orig_output', 'payment_type_category_count']
me:  50
me:  49
trying: ['orig_output', 'payment_type_category_count']
me:  50
me:  49
trying: ['BENCHMARKS_TO_PATHS']
me:  0
trying: ['benchmark_name']
me:  1
trying: ['file_loc']
me:  1
trying: ['pd']
me:  0
trying: ['trip_data']
----- stdout -----
me:  41
trying: ['continuous_columns']
me:  23
trying: ['Path']
me:  0
trying: ['categorical_variables']
me:  45
trying: ['map_payment_type']
me:  17
trying: ['factor']
me:  1
----- stdout -----
Declaring variable BENCHMARKS_TO_PATHS
Declaring variable pd
Declaring variable Path
Declaring variable benchmark_name
Declaring variable file_loc
Declaring variable factor
Declaring variable map_payment_type
Declaring variable continuous_columns
Declaring variable trip_data
Declaring variable categorical_variables
Declaring variable payment_type_category_count
Declaring variable payment_type_category_count
Declaring variable orig_output
Declaring variable orig_output
------------------

[0;31m---------------------------------------------------------------------------[0m
[0;31mValueError[0m                                Traceback (most recent call last)
Cell [0;32mIn[9], line 3[0m
[1;32m      1[0m payment_type_category_count_opt [38;5;241m=[39m payment_type_category_count
[1;32m      2[0m get_ipython()[38;5;241m.[39mrun_line_magic([38;5;124m'[39m[38;5;124mLoadCheckpoint[39m[38;5;124m'[39m, [38;5;124m'[39m[38;5;124m/scratch/jieq/pandax/ds_notebooks/nyc-taxi/src/small_bench/checkpoints/post_cell_24.pickle[39m[38;5;124m'[39m)
[0;32m----> 3[0m [38;5;28;01massert[39;00m [43mcompare_df[49m[43m([49m[43mpayment_type_category_count_opt[49m[43m,[49m[43m [49m[43mpayment_type_category_count[49m[43m)[49m
[1;32m      5[0m [38;5;28;01mimport[39;00m[38;5;250m [39m[38;5;21;01mnumpy[39;00m[38;5;250m [39m[38;5;28;01mas[39;00m[38;5;250m [39m[38;5;21;01mnp[39;00m
[1;32m      6[0m [38;5;28;01mif[39;00m os[38;5;241m.[39mgetenv([38;5;124m"[39m[38;5;124mUSE_GPU[39m[38;5;124m"[39m) [38;5;241m==[39m [38;5;124m"[39m[38;5;124mTrue[39m[38;5;124m"[39m:

File [0;32m/scratch/jieq/elastic-notebook/elastic/core/common/pandas.py:143[0m, in [0;36mcompare_df[0;34m(df1, df2)[0m
[1;32m    141[0m         [38;5;28;01mraise[39;00m [38;5;167;01mValueError[39;00m([38;5;124mf[39m[38;5;124m"[39m[38;5;124mData type mismatch: Rewritten code is [39m[38;5;132;01m{[39;00mdf1[38;5;241m.[39mdtype[38;5;132;01m}[39;00m[38;5;124m and original code is [39m[38;5;132;01m{[39;00mdf2[38;5;241m.[39mdtype[38;5;132;01m}[39;00m[38;5;124m"[39m)
[1;32m    142[0m [38;5;28;01mif[39;00m hash_obj(df1[38;5;241m.[39mvalues) [38;5;241m!=[39m hash_obj(df2[38;5;241m.[39mvalues):
[0;32m--> 143[0m     [38;5;28;01mraise[39;00m [38;5;167;01mValueError[39;00m([38;5;124mf[39m[38;5;124m"[39m[38;5;124mContent of df1 and df2 do not match[39m[38;5;124m"[39m)
[1;32m    145[0m [38;5;28;01mif[39;00m hash_obj(df1[38;5;241m.[39mindex[38;5;241m.[39mvalues) [38;5;241m!=[39m hash_obj(df2[38;5;241m.[39mindex[38;5;241m.[39mvalues):
[1;32m    146[0m     [38;5;28;01mraise[39;00m [38;5;167;01mValueError[39;00m([38;5;124m"[39m[38;5;124mIndex of df1 and df2 do not match[39m[38;5;124m"[39m)

[0;31mValueError[0m: Content of df1 and df2 do not match

Rewritten time: inf ms
========================================================
Rewriting cell 24... Try 1... 
Manager agent prompt:  
        <Original Code>:
        ### cell 24 ###

# but this is a series for ease of plotting we need to use dataframe using .reset_index() on value_counts()
payment_type_category_count = trip_data["payment_type"].value_counts().reset_index()
payment_type_category_count.columns = ["payment_type", "count"]
# print the above dataframe
payment_type_category_count
        <Profiling data>:
                             Function  GPU calls  CPU calls
0       DataFrame.__getitem__          1          0
1  IndexOpsMixin.value_counts          1          0
2          Series.reset_index          1          0
3         NDFrame.__setattr__          1          0
4          DataFrame.__repr__          1          0
        <Execution time>: 142.0
        <Active Vars>: ['payment_type_category_count']
        <Future Vars>: ['trip_data']
        <Rewritten Code>:
        ### cell 24 ###

# Optimized GPU-based counting using groupby and size
df = trip_data.groupby("payment_type").size().reset_index(name="count")
payment_type_category_count = df

# Display the result
payment_type_category_count
        <Profiling data>:
        None
        <Execution time>: inf
        <Execution output>: The rewritten code resulted in a runtime error. An error occurred while executing the following cell:
------------------
payment_type_category_count_opt = payment_type_category_count
%LoadCheckpoint /scratch/jieq/pandax/ds_notebooks/nyc-taxi/src/small_bench/checkpoints/post_cell_24.pickle
assert compare_df(payment_type_category_count_opt, payment_type_category_count)

import numpy as np
if os.getenv("USE_GPU") == "True":
    import cudf
from elastic.core.common.pandas import is_type_styler
is_orig_output_pd = isinstance(orig_output, (pd.Series, pd.DataFrame, pd.Index))
is_opt_output_pd = isinstance(opt_output, (pd.Series, pd.DataFrame, pd.Index))
if os.getenv("USE_GPU") == "True":
    is_orig_output_array = isinstance(orig_output, (cudf.pandas._wrappers.numpy.ndarray, np.ndarray))
    is_opt_output_array = isinstance(opt_output, (cudf.pandas._wrappers.numpy.ndarray, np.ndarray))
else:
    is_orig_output_array = isinstance(orig_output, np.ndarray)
    is_opt_output_array = isinstance(opt_output, np.ndarray)

is_orig_output_styler = is_type_styler(type(orig_output))
is_opt_output_styler = is_type_styler(type(opt_output))
if is_orig_output_styler and is_opt_output_styler:
    assert orig_output.to_html() == opt_output.to_html()
elif is_orig_output_styler:
    assert orig_output.to_html() == opt_output.to_html()
elif is_opt_output_styler:
    assert opt_output.to_html() == orig_output

if is_orig_output_pd and is_opt_output_pd:
    assert orig_output.equals(opt_output)
# TODO: this is a hack.
elif ((is_orig_output_pd or is_opt_output_pd) and (is_orig_output_array or is_opt_output_array)) or (is_orig_output_array and is_opt_output_array):
    assert list(orig_output) == list(opt_output)
else:
    assert orig_output == opt_output

------------------

----- stdout -----
trying: ['orig_output', 'payment_type_category_count']
me:  50
me:  49
trying: ['orig_output', 'payment_type_category_count']
me:  50
me:  49
trying: ['BENCHMARKS_TO_PATHS']
me:  0
trying: ['benchmark_name']
me:  1
trying: ['file_loc']
me:  1
trying: ['pd']
me:  0
trying: ['trip_data']
----- stdout -----
me:  41
trying: ['continuous_columns']
me:  23
trying: ['Path']
me:  0
trying: ['categorical_variables']
me:  45
trying: ['map_payment_type']
me:  17
trying: ['factor']
me:  1
----- stdout -----
Declaring variable BENCHMARKS_TO_PATHS
Declaring variable pd
Declaring variable Path
Declaring variable benchmark_name
Declaring variable file_loc
Declaring variable factor
Declaring variable map_payment_type
Declaring variable continuous_columns
Declaring variable trip_data
Declaring variable categorical_variables
Declaring variable payment_type_category_count
Declaring variable payment_type_category_count
Declaring variable orig_output
Declaring variable orig_output
------------------

[0;31m---------------------------------------------------------------------------[0m
[0;31mValueError[0m                                Traceback (most recent call last)
Cell [0;32mIn[9], line 3[0m
[1;32m      1[0m payment_type_category_count_opt [38;5;241m=[39m payment_type_category_count
[1;32m      2[0m get_ipython()[38;5;241m.[39mrun_line_magic([38;5;124m'[39m[38;5;124mLoadCheckpoint[39m[38;5;124m'[39m, [38;5;124m'[39m[38;5;124m/scratch/jieq/pandax/ds_notebooks/nyc-taxi/src/small_bench/checkpoints/post_cell_24.pickle[39m[38;5;124m'[39m)
[0;32m----> 3[0m [38;5;28;01massert[39;00m [43mcompare_df[49m[43m([49m[43mpayment_type_category_count_opt[49m[43m,[49m[43m [49m[43mpayment_type_category_count[49m[43m)[49m
[1;32m      5[0m [38;5;28;01mimport[39;00m[38;5;250m [39m[38;5;21;01mnumpy[39;00m[38;5;250m [39m[38;5;28;01mas[39;00m[38;5;250m [39m[38;5;21;01mnp[39;00m
[1;32m      6[0m [38;5;28;01mif[39;00m os[38;5;241m.[39mgetenv([38;5;124m"[39m[38;5;124mUSE_GPU[39m[38;5;124m"[39m) [38;5;241m==[39m [38;5;124m"[39m[38;5;124mTrue[39m[38;5;124m"[39m:

File [0;32m/scratch/jieq/elastic-notebook/elastic/core/common/pandas.py:143[0m, in [0;36mcompare_df[0;34m(df1, df2)[0m
[1;32m    141[0m         [38;5;28;01mraise[39;00m [38;5;167;01mValueError[39;00m([38;5;124mf[39m[38;5;124m"[39m[38;5;124mData type mismatch: Rewritten code is [39m[38;5;132;01m{[39;00mdf1[38;5;241m.[39mdtype[38;5;132;01m}[39;00m[38;5;124m and original code is [39m[38;5;132;01m{[39;00mdf2[38;5;241m.[39mdtype[38;5;132;01m}[39;00m[38;5;124m"[39m)
[1;32m    142[0m [38;5;28;01mif[39;00m hash_obj(df1[38;5;241m.[39mvalues) [38;5;241m!=[39m hash_obj(df2[38;5;241m.[39mvalues):
[0;32m--> 143[0m     [38;5;28;01mraise[39;00m [38;5;167;01mValueError[39;00m([38;5;124mf[39m[38;5;124m"[39m[38;5;124mContent of df1 and df2 do not match[39m[38;5;124m"[39m)
[1;32m    145[0m [38;5;28;01mif[39;00m hash_obj(df1[38;5;241m.[39mindex[38;5;241m.[39mvalues) [38;5;241m!=[39m hash_obj(df2[38;5;241m.[39mindex[38;5;241m.[39mvalues):
[1;32m    146[0m     [38;5;28;01mraise[39;00m [38;5;167;01mValueError[39;00m([38;5;124m"[39m[38;5;124mIndex of df1 and df2 do not match[39m[38;5;124m"[39m)

[0;31mValueError[0m: Content of df1 and df2 do not match

        <Iteration>: 2/5
    
==========Running the manager agent to decide the next step==========
Choice: repair
Reason: The rewritten code led to a runtime error due to possible mismatch in data types or structure. We should try to fix these issues instead of starting over as there is existing code to work with.
Code fixer prompt:  
        <Original Code>:
        ### cell 24 ###

# but this is a series for ease of plotting we need to use dataframe using .reset_index() on value_counts()
payment_type_category_count = trip_data["payment_type"].value_counts().reset_index()
payment_type_category_count.columns = ["payment_type", "count"]
# print the above dataframe
payment_type_category_count
        <Profiling data>:
                             Function  GPU calls  CPU calls
0       DataFrame.__getitem__          1          0
1  IndexOpsMixin.value_counts          1          0
2          Series.reset_index          1          0
3         NDFrame.__setattr__          1          0
4          DataFrame.__repr__          1          0
        <Execution time>: 142.0
        <Active Vars>: ['payment_type_category_count']
        <Future Vars>: ['trip_data']
        <Rewritten Code>:
        ### cell 24 ###

# Optimized GPU-based counting using groupby and size
df = trip_data.groupby("payment_type").size().reset_index(name="count")
payment_type_category_count = df

# Display the result
payment_type_category_count
        <Profiling data>:
        None
        <Execution time>: inf
        <Execution output>: The rewritten code resulted in a runtime error. An error occurred while executing the following cell:
------------------
payment_type_category_count_opt = payment_type_category_count
%LoadCheckpoint /scratch/jieq/pandax/ds_notebooks/nyc-taxi/src/small_bench/checkpoints/post_cell_24.pickle
assert compare_df(payment_type_category_count_opt, payment_type_category_count)

import numpy as np
if os.getenv("USE_GPU") == "True":
    import cudf
from elastic.core.common.pandas import is_type_styler
is_orig_output_pd = isinstance(orig_output, (pd.Series, pd.DataFrame, pd.Index))
is_opt_output_pd = isinstance(opt_output, (pd.Series, pd.DataFrame, pd.Index))
if os.getenv("USE_GPU") == "True":
    is_orig_output_array = isinstance(orig_output, (cudf.pandas._wrappers.numpy.ndarray, np.ndarray))
    is_opt_output_array = isinstance(opt_output, (cudf.pandas._wrappers.numpy.ndarray, np.ndarray))
else:
    is_orig_output_array = isinstance(orig_output, np.ndarray)
    is_opt_output_array = isinstance(opt_output, np.ndarray)

is_orig_output_styler = is_type_styler(type(orig_output))
is_opt_output_styler = is_type_styler(type(opt_output))
if is_orig_output_styler and is_opt_output_styler:
    assert orig_output.to_html() == opt_output.to_html()
elif is_orig_output_styler:
    assert orig_output.to_html() == opt_output.to_html()
elif is_opt_output_styler:
    assert opt_output.to_html() == orig_output

if is_orig_output_pd and is_opt_output_pd:
    assert orig_output.equals(opt_output)
# TODO: this is a hack.
elif ((is_orig_output_pd or is_opt_output_pd) and (is_orig_output_array or is_opt_output_array)) or (is_orig_output_array and is_opt_output_array):
    assert list(orig_output) == list(opt_output)
else:
    assert orig_output == opt_output

------------------

----- stdout -----
trying: ['orig_output', 'payment_type_category_count']
me:  50
me:  49
trying: ['orig_output', 'payment_type_category_count']
me:  50
me:  49
trying: ['BENCHMARKS_TO_PATHS']
me:  0
trying: ['benchmark_name']
me:  1
trying: ['file_loc']
me:  1
trying: ['pd']
me:  0
trying: ['trip_data']
----- stdout -----
me:  41
trying: ['continuous_columns']
me:  23
trying: ['Path']
me:  0
trying: ['categorical_variables']
me:  45
trying: ['map_payment_type']
me:  17
trying: ['factor']
me:  1
----- stdout -----
Declaring variable BENCHMARKS_TO_PATHS
Declaring variable pd
Declaring variable Path
Declaring variable benchmark_name
Declaring variable file_loc
Declaring variable factor
Declaring variable map_payment_type
Declaring variable continuous_columns
Declaring variable trip_data
Declaring variable categorical_variables
Declaring variable payment_type_category_count
Declaring variable payment_type_category_count
Declaring variable orig_output
Declaring variable orig_output
------------------

[0;31m---------------------------------------------------------------------------[0m
[0;31mValueError[0m                                Traceback (most recent call last)
Cell [0;32mIn[9], line 3[0m
[1;32m      1[0m payment_type_category_count_opt [38;5;241m=[39m payment_type_category_count
[1;32m      2[0m get_ipython()[38;5;241m.[39mrun_line_magic([38;5;124m'[39m[38;5;124mLoadCheckpoint[39m[38;5;124m'[39m, [38;5;124m'[39m[38;5;124m/scratch/jieq/pandax/ds_notebooks/nyc-taxi/src/small_bench/checkpoints/post_cell_24.pickle[39m[38;5;124m'[39m)
[0;32m----> 3[0m [38;5;28;01massert[39;00m [43mcompare_df[49m[43m([49m[43mpayment_type_category_count_opt[49m[43m,[49m[43m [49m[43mpayment_type_category_count[49m[43m)[49m
[1;32m      5[0m [38;5;28;01mimport[39;00m[38;5;250m [39m[38;5;21;01mnumpy[39;00m[38;5;250m [39m[38;5;28;01mas[39;00m[38;5;250m [39m[38;5;21;01mnp[39;00m
[1;32m      6[0m [38;5;28;01mif[39;00m os[38;5;241m.[39mgetenv([38;5;124m"[39m[38;5;124mUSE_GPU[39m[38;5;124m"[39m) [38;5;241m==[39m [38;5;124m"[39m[38;5;124mTrue[39m[38;5;124m"[39m:

File [0;32m/scratch/jieq/elastic-notebook/elastic/core/common/pandas.py:143[0m, in [0;36mcompare_df[0;34m(df1, df2)[0m
[1;32m    141[0m         [38;5;28;01mraise[39;00m [38;5;167;01mValueError[39;00m([38;5;124mf[39m[38;5;124m"[39m[38;5;124mData type mismatch: Rewritten code is [39m[38;5;132;01m{[39;00mdf1[38;5;241m.[39mdtype[38;5;132;01m}[39;00m[38;5;124m and original code is [39m[38;5;132;01m{[39;00mdf2[38;5;241m.[39mdtype[38;5;132;01m}[39;00m[38;5;124m"[39m)
[1;32m    142[0m [38;5;28;01mif[39;00m hash_obj(df1[38;5;241m.[39mvalues) [38;5;241m!=[39m hash_obj(df2[38;5;241m.[39mvalues):
[0;32m--> 143[0m     [38;5;28;01mraise[39;00m [38;5;167;01mValueError[39;00m([38;5;124mf[39m[38;5;124m"[39m[38;5;124mContent of df1 and df2 do not match[39m[38;5;124m"[39m)
[1;32m    145[0m [38;5;28;01mif[39;00m hash_obj(df1[38;5;241m.[39mindex[38;5;241m.[39mvalues) [38;5;241m!=[39m hash_obj(df2[38;5;241m.[39mindex[38;5;241m.[39mvalues):
[1;32m    146[0m     [38;5;28;01mraise[39;00m [38;5;167;01mValueError[39;00m([38;5;124m"[39m[38;5;124mIndex of df1 and df2 do not match[39m[38;5;124m"[39m)

[0;31mValueError[0m: Content of df1 and df2 do not match

        <Iteration>: 2/5
    
Repairing the last generated code
Code: ### cell 24 ###

# Use GPU-accelerated value_counts() to compute counts and convert to DataFrame
payment_type_category_count = (
    trip_data['payment_type']
    .value_counts()
    .reset_index()
)
payment_type_category_count.columns = ['payment_type', 'count']

# Display the result
payment_type_category_count
Reason: Reverted to the original value_counts() approach to guarantee identical ordering, data types, and output semantics as the reference implementation, ensuring the compare_df assertion passes while still running entirely on the GPU under cudf.
Parsed response: ### cell 24 ###

# Use GPU-accelerated value_counts() to compute counts and convert to DataFrame
payment_type_category_count = (
    trip_data['payment_type']
    .value_counts()
    .reset_index()
)
payment_type_category_count.columns = ['payment_type', 'count']

# Display the result
payment_type_category_count
Try 1: calling rewrite agent for cell 24 took 25.257691621780396 seconds.
Executing rewritten code... ### cell 24 ###

# Use GPU-accelerated value_counts() to compute counts and convert to DataFrame
payment_type_category_count = (
    trip_data['payment_type']
    .value_counts()
    .reset_index()
)
payment_type_category_count.columns = ['payment_type', 'count']

# Display the result
payment_type_category_count
Running rewritten cell notebook
Finished executing the rewritten code.
Try 1: executing the rewritten code for cell 24 took 61.058632135391235 seconds.
Rewritten time: 124.0 ms
The rewritten code is correct. Profiling cudf...
Try 1: cudf profiling the rewritten code for cell 24 took 15.036586046218872 seconds.
gpu_calls_orig_perc: 1.0, gpu_calls_opt_perc: 1.0
orig_time: 142.0, opt_time: 124.0
Both the call ratio and the time are better.
Rewritten code took 124.0ms. The previous fastest solution took 142.0ms.
Previous best solution num GPU and CPU calls:  5 0
New solution num GPU and CPU calls:  5 0
Accepted the rewritten code.
Setting best_rewritten_post_checkpoint_path to  /scratch/jieq/pandax/ds_notebooks/nyc-taxi/src/rewritten/o4_mini_high_small/checkpoints/post_cell_24_try_1.pickle
========================================================
Rewriting cell 24... Try 2... 
Manager agent prompt:  
        <Original Code>:
        ### cell 24 ###

# but this is a series for ease of plotting we need to use dataframe using .reset_index() on value_counts()
payment_type_category_count = trip_data["payment_type"].value_counts().reset_index()
payment_type_category_count.columns = ["payment_type", "count"]
# print the above dataframe
payment_type_category_count
        <Profiling data>:
                             Function  GPU calls  CPU calls
0       DataFrame.__getitem__          1          0
1  IndexOpsMixin.value_counts          1          0
2          Series.reset_index          1          0
3         NDFrame.__setattr__          1          0
4          DataFrame.__repr__          1          0
        <Execution time>: 142.0
        <Active Vars>: ['payment_type_category_count']
        <Future Vars>: ['trip_data']
        <Rewritten Code>:
        ### cell 24 ###

# Use GPU-accelerated value_counts() to compute counts and convert to DataFrame
payment_type_category_count = (
    trip_data['payment_type']
    .value_counts()
    .reset_index()
)
payment_type_category_count.columns = ['payment_type', 'count']

# Display the result
payment_type_category_count
        <Profiling data>:
                             Function  GPU calls  CPU calls
0       DataFrame.__getitem__          1          0
1  IndexOpsMixin.value_counts          1          0
2          Series.reset_index          1          0
3         NDFrame.__setattr__          1          0
4          DataFrame.__repr__          1          0
        <Execution time>: 124.0
        <Execution output>: Rewritten time: 124.0 ms
Original time: 142.0 ms
        <Iteration>: 3/5
    
==========Running the manager agent to decide the next step==========
Choice: optimize
Reason: Although the rewritten code offers some speed improvement, further optimization may be possible by ensuring full utilization of GPU capabilities or exploring alternative GPU APIs.
Code optimizer prompt:  
        <Original Code>:
        ### cell 24 ###

# Use GPU-accelerated value_counts() to compute counts and convert to DataFrame
payment_type_category_count = (
    trip_data['payment_type']
    .value_counts()
    .reset_index()
)
payment_type_category_count.columns = ['payment_type', 'count']

# Display the result
payment_type_category_count
        <Profiling data>:
                             Function  GPU calls  CPU calls
0       DataFrame.__getitem__          1          0
1  IndexOpsMixin.value_counts          1          0
2          Series.reset_index          1          0
3         NDFrame.__setattr__          1          0
4          DataFrame.__repr__          1          0

        <Execution time>: 124.0
        <Active vars>: ['payment_type_category_count']

        <Future vars>: ['trip_data']

        <Iteration>: 3/5
    
Optimizing the last generated code
No Modifications made to the original code
Try 2: calling rewrite agent for cell 24 took 56.96136665344238 seconds.
========================================================
After rewriting cell  24
Rewritten post-checkpoint path: /scratch/jieq/pandax/ds_notebooks/nyc-taxi/src/rewritten/o4_mini_high_small/checkpoints/post_cell_24_try_1.pickle
========================================================
Cell 24 rewriting took 319.0967490673065 seconds.
Getting original timing for cell 25
Original time for cell 25 took 79.07911419868469 seconds.
Setting initially best_rewritten_post_checkpoint_path:  /scratch/jieq/pandax/ds_notebooks/nyc-taxi/src/small_bench/checkpoints/post_cell_25.pickle
========================================================
Rewriting cell 25... Try 0... 
Manager agent prompt:  
        <Original Code>:
        ### cell 25 ###

# we are shown the count under each category but it is better to have count% for comparison - create count_percent col
payment_type_category_count["count_percent"] = (
    payment_type_category_count["count"] / trip_data.shape[0]
) * 100
# print the data frame
payment_type_category_count
        <Profiling data>:
                        Function  GPU calls  CPU calls
0  DataFrame.__getitem__          1          0
1   OpsMixin.__truediv__          1          0
2       OpsMixin.__mul__          1          0
3  DataFrame.__setitem__          1          0
4     DataFrame.__repr__          1          0

        <Execution time>: 15.1
        <Active vars>: []

        <Future vars>: ['trip_data']

        <Iteration>: 1/5
    
==========Running the manager agent to decide the next step==========
Choice: new
Reason: The original code can likely be optimized further. We're only in the first iteration, and we have four more to explore potential optimizations. We can try optimizing the current operation while considering alternative efficient implementations or libraries, such as using cudf or Dask instead of pandas for potential GPU acceleration.
Generating new code from the original code
Prompt: 
        <Original Code>:
        ### cell 25 ###

# we are shown the count under each category but it is better to have count% for comparison - create count_percent col
payment_type_category_count["count_percent"] = (
    payment_type_category_count["count"] / trip_data.shape[0]
) * 100
# print the data frame
payment_type_category_count
        <Profiling data>:
                        Function  GPU calls  CPU calls
0  DataFrame.__getitem__          1          0
1   OpsMixin.__truediv__          1          0
2       OpsMixin.__mul__          1          0
3  DataFrame.__setitem__          1          0
4     DataFrame.__repr__          1          0

        <Execution time>: 15.1
        <Active vars>: []

        <Future vars>: ['trip_data']

        <Iteration>: 1/5
    
Code: done
Reason: The computation is already fully vectorized on the GPU with no CPU-bound operations. No further optimization is needed for this step.
No Modifications made to the original code
Try 0: calling rewrite agent for cell 25 took 13.378264427185059 seconds.
There is no need to rewrite the cell.
Could not rewrite the cell. Continuing to next cell...
========================================================
After rewriting cell  25
Rewritten post-checkpoint path: /scratch/jieq/pandax/ds_notebooks/nyc-taxi/src/small_bench/checkpoints/post_cell_25.pickle
========================================================
Cell 25 rewriting took 92.45957899093628 seconds.
Getting original timing for cell 26
Original time for cell 26 took 78.07821393013 seconds.
Setting initially best_rewritten_post_checkpoint_path:  /scratch/jieq/pandax/ds_notebooks/nyc-taxi/src/small_bench/checkpoints/post_cell_26.pickle
========================================================
Rewriting cell 26... Try 0... 
Manager agent prompt:  
        <Original Code>:
        ### cell 26 ###

# let's see the number of categories available in both pickup and dropoff location - PULocationID and DOLocationID
(
    trip_data["PULocationID"].value_counts().shape,
    trip_data["DOLocationID"].value_counts().shape,
)
        <Profiling data>:
                             Function  GPU calls  CPU calls
0       DataFrame.__getitem__          2          0
1  IndexOpsMixin.value_counts          2          0
2                      Series          1          0

        <Execution time>: 66.1
        <Active vars>: []

        <Future vars>: ['trip_data']

        <Iteration>: 1/5
    
==========Running the manager agent to decide the next step==========
Choice: new
Reason: The original code is primarily designed to retrieve the counts of unique categories, which suggests a potential area for performance improvement. Given that we're still early in the optimization process, we should attempt a newer approach that could enhance performance, potentially using more suitable libraries or methods for this task.
Generating new code from the original code
Prompt: 
        <Original Code>:
        ### cell 26 ###

# let's see the number of categories available in both pickup and dropoff location - PULocationID and DOLocationID
(
    trip_data["PULocationID"].value_counts().shape,
    trip_data["DOLocationID"].value_counts().shape,
)
        <Profiling data>:
                             Function  GPU calls  CPU calls
0       DataFrame.__getitem__          2          0
1  IndexOpsMixin.value_counts          2          0
2                      Series          1          0

        <Execution time>: 66.1
        <Active vars>: []

        <Future vars>: ['trip_data']

        <Iteration>: 1/5
    
Code: # number of unique pickup and dropoff locations
trip_data[["PULocationID", "DOLocationID"]].nunique()
Reason: Replaced two separate value_counts calls with a single DataFrame.nunique call on both columns. This reduces GPU calls by fetching both columns in one operation and computing unique counts in a single aggregate, minimizing data movement and improving performance.
Parsed response: # number of unique pickup and dropoff locations
trip_data[["PULocationID", "DOLocationID"]].nunique()
Try 0: calling rewrite agent for cell 26 took 15.318467617034912 seconds.
Executing rewritten code... ### cell 26 ###

# number of unique pickup and dropoff locations
trip_data[["PULocationID", "DOLocationID"]].nunique()
Running rewritten cell notebook
An unexpected error occurred An error occurred while executing the following cell:
------------------
%LoadCheckpoint /scratch/jieq/pandax/ds_notebooks/nyc-taxi/src/small_bench/checkpoints/post_cell_26.pickle

import numpy as np
if os.getenv("USE_GPU") == "True":
    import cudf
from elastic.core.common.pandas import is_type_styler
is_orig_output_pd = isinstance(orig_output, (pd.Series, pd.DataFrame, pd.Index))
is_opt_output_pd = isinstance(opt_output, (pd.Series, pd.DataFrame, pd.Index))
if os.getenv("USE_GPU") == "True":
    is_orig_output_array = isinstance(orig_output, (cudf.pandas._wrappers.numpy.ndarray, np.ndarray))
    is_opt_output_array = isinstance(opt_output, (cudf.pandas._wrappers.numpy.ndarray, np.ndarray))
else:
    is_orig_output_array = isinstance(orig_output, np.ndarray)
    is_opt_output_array = isinstance(opt_output, np.ndarray)

is_orig_output_styler = is_type_styler(type(orig_output))
is_opt_output_styler = is_type_styler(type(opt_output))
if is_orig_output_styler and is_opt_output_styler:
    assert orig_output.to_html() == opt_output.to_html()
elif is_orig_output_styler:
    assert orig_output.to_html() == opt_output.to_html()
elif is_opt_output_styler:
    assert opt_output.to_html() == orig_output

if is_orig_output_pd and is_opt_output_pd:
    assert orig_output.equals(opt_output)
# TODO: this is a hack.
elif ((is_orig_output_pd or is_opt_output_pd) and (is_orig_output_array or is_opt_output_array)) or (is_orig_output_array and is_opt_output_array):
    assert list(orig_output) == list(opt_output)
else:
    assert orig_output == opt_output

------------------

----- stdout -----
trying: ['payment_type_category_count']
me:  51
trying: ['Path']
me:  0
trying: ['orig_output']
me:  54
trying: ['pd']
me:  0
trying: ['categorical_variables']
me:  45
trying: ['trip_data']
----- stdout -----
me:  41
trying: ['file_loc']
me:  1
trying: ['BENCHMARKS_TO_PATHS']
me:  0
trying: ['benchmark_name']
me:  1
trying: ['factor']
me:  1
trying: ['continuous_columns']
me:  23
trying: ['map_payment_type']
me:  17
----- stdout -----
Declaring variable Path
Declaring variable pd
Declaring variable BENCHMARKS_TO_PATHS
Declaring variable file_loc
Declaring variable benchmark_name
Declaring variable factor
Declaring variable map_payment_type
Declaring variable continuous_columns
Declaring variable trip_data
Declaring variable categorical_variables
Declaring variable payment_type_category_count
Declaring variable orig_output
------------------

[0;31m---------------------------------------------------------------------------[0m
[0;31mException[0m                                 Traceback (most recent call last)
File [0;32m/scratch/jieq/conda-envs/rapids-26.02/lib/python3.10/site-packages/cudf/pandas/fast_slow_proxy.py:1124[0m, in [0;36m_fast_slow_function_call[0;34m(func, transfer_block, *args, **kwargs)[0m
[1;32m   1122[0m [38;5;28;01mif[39;00m result [38;5;129;01mis[39;00m [38;5;28mNotImplemented[39m:
[1;32m   1123[0m     [38;5;66;03m# try slow path[39;00m
[0;32m-> 1124[0m     [38;5;28;01mraise[39;00m [38;5;167;01mException[39;00m()
[1;32m   1125[0m fast [38;5;241m=[39m [38;5;28;01mTrue[39;00m

[0;31mException[0m: 

During handling of the above exception, another exception occurred:

[0;31mValueError[0m                                Traceback (most recent call last)
Cell [0;32mIn[9], line 31[0m
[1;32m     29[0m     [38;5;28;01massert[39;00m [38;5;28mlist[39m(orig_output) [38;5;241m==[39m [38;5;28mlist[39m(opt_output)
[1;32m     30[0m [38;5;28;01melse[39;00m:
[0;32m---> 31[0m     [38;5;28;01massert[39;00m [43morig_output[49m[43m [49m[38;5;241;43m==[39;49m[43m [49m[43mopt_output[49m

File [0;32m/scratch/jieq/conda-envs/rapids-26.02/lib/python3.10/site-packages/cudf/pandas/fast_slow_proxy.py:813[0m, in [0;36m_CallableProxyMixin.__call__[0;34m(self, *args, **kwargs)[0m
[1;32m    812[0m [38;5;28;01mdef[39;00m[38;5;250m [39m[38;5;21m__call__[39m([38;5;28mself[39m, [38;5;241m*[39margs, [38;5;241m*[39m[38;5;241m*[39mkwargs) [38;5;241m-[39m[38;5;241m>[39m Any:
[0;32m--> 813[0m     result, _ [38;5;241m=[39m [43m_fast_slow_function_call[49m[43m([49m
[1;32m    814[0m [43m        [49m[38;5;66;43;03m# We cannot directly call self here because we need it to be[39;49;00m
[1;32m    815[0m [43m        [49m[38;5;66;43;03m# converted into either the fast or slow object (by[39;49;00m
[1;32m    816[0m [43m        [49m[38;5;66;43;03m# _fast_slow_function_call) to avoid infinite recursion.[39;49;00m
[1;32m    817[0m [43m        [49m[38;5;66;43;03m# TODO: When Python 3.11 is the minimum supported Python version[39;49;00m
[1;32m    818[0m [43m        [49m[38;5;66;43;03m# this can use operator.call[39;49;00m
[1;32m    819[0m [43m        [49m[43mcall_operator[49m[43m,[49m
[1;32m    820[0m [43m        [49m[38;5;28;43mself[39;49m[38;5;241;43m.[39;49m[43mget_transfer_blocking[49m[43m([49m[43m)[49m[43m,[49m[43m  [49m[38;5;66;43;03m# type: ignore[attr-defined][39;49;00m
[1;32m    821[0m [43m        [49m[38;5;28;43mself[39;49m[43m,[49m
[1;32m    822[0m [43m        [49m[43margs[49m[43m,[49m
[1;32m    823[0m [43m        [49m[43mkwargs[49m[43m,[49m
[1;32m    824[0m [43m    [49m[43m)[49m
[1;32m    825[0m     [38;5;28;01mreturn[39;00m result

File [0;32m/scratch/jieq/conda-envs/rapids-26.02/lib/python3.10/site-packages/cudf/pandas/fast_slow_proxy.py:1175[0m, in [0;36m_fast_slow_function_call[0;34m(func, transfer_block, *args, **kwargs)[0m
[1;32m   1173[0m         _slow_function_call()
[1;32m   1174[0m         [38;5;28;01mwith[39;00m disable_module_accelerator():
[0;32m-> 1175[0m             result [38;5;241m=[39m [43mfunc[49m[43m([49m[38;5;241;43m*[39;49m[43mslow_args[49m[43m,[49m[43m [49m[38;5;241;43m*[39;49m[38;5;241;43m*[39;49m[43mslow_kwargs[49m[43m)[49m
[1;32m   1176[0m result [38;5;241m=[39m _maybe_wrap_result(result, func, [38;5;241m*[39margs, [38;5;241m*[39m[38;5;241m*[39mkwargs)
[1;32m   1177[0m [38;5;28;01mif[39;00m block_transfer_to_fast [38;5;129;01mand[39;00m [38;5;28misinstance[39m(result, _FastSlowProxy):

File [0;32m/scratch/jieq/conda-envs/rapids-26.02/lib/python3.10/site-packages/cudf/pandas/fast_slow_proxy.py:30[0m, in [0;36mcall_operator[0;34m(fn, args, kwargs)[0m
[1;32m     29[0m [38;5;28;01mdef[39;00m[38;5;250m [39m[38;5;21mcall_operator[39m(fn, args, kwargs):
[0;32m---> 30[0m     [38;5;28;01mreturn[39;00m [43mfn[49m[43m([49m[38;5;241;43m*[39;49m[43margs[49m[43m,[49m[43m [49m[38;5;241;43m*[39;49m[38;5;241;43m*[39;49m[43mkwargs[49m[43m)[49m

File [0;32m/scratch/jieq/conda-envs/rapids-26.02/lib/python3.10/site-packages/pandas/core/ops/common.py:76[0m, in [0;36m_unpack_zerodim_and_defer.<locals>.new_method[0;34m(self, other)[0m
[1;32m     72[0m             [38;5;28;01mreturn[39;00m [38;5;28mNotImplemented[39m
[1;32m     74[0m other [38;5;241m=[39m item_from_zerodim(other)
[0;32m---> 76[0m [38;5;28;01mreturn[39;00m [43mmethod[49m[43m([49m[38;5;28;43mself[39;49m[43m,[49m[43m [49m[43mother[49m[43m)[49m

File [0;32m/scratch/jieq/conda-envs/rapids-26.02/lib/python3.10/site-packages/pandas/core/arraylike.py:40[0m, in [0;36mOpsMixin.__eq__[0;34m(self, other)[0m
[1;32m     38[0m [38;5;129m@unpack_zerodim_and_defer[39m([38;5;124m"[39m[38;5;124m__eq__[39m[38;5;124m"[39m)
[1;32m     39[0m [38;5;28;01mdef[39;00m[38;5;250m [39m[38;5;21m__eq__[39m([38;5;28mself[39m, other):
[0;32m---> 40[0m     [38;5;28;01mreturn[39;00m [38;5;28;43mself[39;49m[38;5;241;43m.[39;49m[43m_cmp_method[49m[43m([49m[43mother[49m[43m,[49m[43m [49m[43moperator[49m[38;5;241;43m.[39;49m[43meq[49m[43m)[49m

File [0;32m/scratch/jieq/conda-envs/rapids-26.02/lib/python3.10/site-packages/pandas/core/series.py:6121[0m, in [0;36mSeries._cmp_method[0;34m(self, other, op)[0m
[1;32m   6117[0m rvalues [38;5;241m=[39m extract_array(other, extract_numpy[38;5;241m=[39m[38;5;28;01mTrue[39;00m, extract_range[38;5;241m=[39m[38;5;28;01mTrue[39;00m)
[1;32m   6119[0m res_values [38;5;241m=[39m ops[38;5;241m.[39mcomparison_op(lvalues, rvalues, op)
[0;32m-> 6121[0m [38;5;28;01mreturn[39;00m [38;5;28;43mself[39;49m[38;5;241;43m.[39;49m[43m_construct_result[49m[43m([49m[43mres_values[49m[43m,[49m[43m [49m[43mname[49m[38;5;241;43m=[39;49m[43mres_name[49m[43m)[49m

File [0;32m/scratch/jieq/conda-envs/rapids-26.02/lib/python3.10/site-packages/pandas/core/series.py:6231[0m, in [0;36mSeries._construct_result[0;34m(self, result, name)[0m
[1;32m   6228[0m [38;5;66;03m# TODO: result should always be ArrayLike, but this fails for some[39;00m
[1;32m   6229[0m [38;5;66;03m#  JSONArray tests[39;00m
[1;32m   6230[0m dtype [38;5;241m=[39m [38;5;28mgetattr[39m(result, [38;5;124m"[39m[38;5;124mdtype[39m[38;5;124m"[39m, [38;5;28;01mNone[39;00m)
[0;32m-> 6231[0m out [38;5;241m=[39m [38;5;28;43mself[39;49m[38;5;241;43m.[39;49m[43m_constructor[49m[43m([49m[43mresult[49m[43m,[49m[43m [49m[43mindex[49m[38;5;241;43m=[39;49m[38;5;28;43mself[39;49m[38;5;241;43m.[39;49m[43mindex[49m[43m,[49m[43m [49m[43mdtype[49m[38;5;241;43m=[39;49m[43mdtype[49m[43m,[49m[43m [49m[43mcopy[49m[38;5;241;43m=[39;49m[38;5;28;43;01mFalse[39;49;00m[43m)[49m
[1;32m   6232[0m out [38;5;241m=[39m out[38;5;241m.[39m__finalize__([38;5;28mself[39m)
[1;32m   6234[0m [38;5;66;03m# Set the result's name after __finalize__ is called because __finalize__[39;00m
[1;32m   6235[0m [38;5;66;03m#  would set it back to self.name[39;00m

File [0;32m/scratch/jieq/conda-envs/rapids-26.02/lib/python3.10/site-packages/pandas/core/series.py:584[0m, in [0;36mSeries.__init__[0;34m(self, data, index, dtype, name, copy, fastpath)[0m
[1;32m    582[0m         data [38;5;241m=[39m data[38;5;241m.[39mcopy()
[1;32m    583[0m [38;5;28;01melse[39;00m:
[0;32m--> 584[0m     data [38;5;241m=[39m [43msanitize_array[49m[43m([49m[43mdata[49m[43m,[49m[43m [49m[43mindex[49m[43m,[49m[43m [49m[43mdtype[49m[43m,[49m[43m [49m[43mcopy[49m[43m)[49m
[1;32m    586[0m     manager [38;5;241m=[39m _get_option([38;5;124m"[39m[38;5;124mmode.data_manager[39m[38;5;124m"[39m, silent[38;5;241m=[39m[38;5;28;01mTrue[39;00m)
[1;32m    587[0m     [38;5;28;01mif[39;00m manager [38;5;241m==[39m [38;5;124m"[39m[38;5;124mblock[39m[38;5;124m"[39m:

File [0;32m/scratch/jieq/conda-envs/rapids-26.02/lib/python3.10/site-packages/pandas/core/construction.py:659[0m, in [0;36msanitize_array[0;34m(data, index, dtype, copy, allow_2d)[0m
[1;32m    656[0m             subarr [38;5;241m=[39m cast(np[38;5;241m.[39mndarray, subarr)
[1;32m    657[0m             subarr [38;5;241m=[39m maybe_infer_to_datetimelike(subarr)
[0;32m--> 659[0m subarr [38;5;241m=[39m [43m_sanitize_ndim[49m[43m([49m[43msubarr[49m[43m,[49m[43m [49m[43mdata[49m[43m,[49m[43m [49m[43mdtype[49m[43m,[49m[43m [49m[43mindex[49m[43m,[49m[43m [49m[43mallow_2d[49m[38;5;241;43m=[39;49m[43mallow_2d[49m[43m)[49m
[1;32m    661[0m [38;5;28;01mif[39;00m [38;5;28misinstance[39m(subarr, np[38;5;241m.[39mndarray):
[1;32m    662[0m     [38;5;66;03m# at this point we should have dtype be None or subarr.dtype == dtype[39;00m
[1;32m    663[0m     dtype [38;5;241m=[39m cast(np[38;5;241m.[39mdtype, dtype)

File [0;32m/scratch/jieq/conda-envs/rapids-26.02/lib/python3.10/site-packages/pandas/core/construction.py:718[0m, in [0;36m_sanitize_ndim[0;34m(result, data, dtype, index, allow_2d)[0m
[1;32m    716[0m     [38;5;28;01mif[39;00m allow_2d:
[1;32m    717[0m         [38;5;28;01mreturn[39;00m result
[0;32m--> 718[0m     [38;5;28;01mraise[39;00m [38;5;167;01mValueError[39;00m(
[1;32m    719[0m         [38;5;124mf[39m[38;5;124m"[39m[38;5;124mData must be 1-dimensional, got ndarray of shape [39m[38;5;132;01m{[39;00mdata[38;5;241m.[39mshape[38;5;132;01m}[39;00m[38;5;124m instead[39m[38;5;124m"[39m
[1;32m    720[0m     )
[1;32m    721[0m [38;5;28;01mif[39;00m is_object_dtype(dtype) [38;5;129;01mand[39;00m [38;5;28misinstance[39m(dtype, ExtensionDtype):
[1;32m    722[0m     [38;5;66;03m# i.e. NumpyEADtype("O")[39;00m
[1;32m    724[0m     result [38;5;241m=[39m com[38;5;241m.[39masarray_tuplesafe(data, dtype[38;5;241m=[39mnp[38;5;241m.[39mdtype([38;5;124m"[39m[38;5;124mobject[39m[38;5;124m"[39m))

[0;31mValueError[0m: Data must be 1-dimensional, got ndarray of shape (2, 2) instead

Rewritten time: inf ms
========================================================
Rewriting cell 26... Try 1... 
Manager agent prompt:  
        <Original Code>:
        ### cell 26 ###

# let's see the number of categories available in both pickup and dropoff location - PULocationID and DOLocationID
(
    trip_data["PULocationID"].value_counts().shape,
    trip_data["DOLocationID"].value_counts().shape,
)
        <Profiling data>:
                             Function  GPU calls  CPU calls
0       DataFrame.__getitem__          2          0
1  IndexOpsMixin.value_counts          2          0
2                      Series          1          0
        <Execution time>: 66.1
        <Active Vars>: []
        <Future Vars>: ['trip_data']
        <Rewritten Code>:
        ### cell 26 ###

# number of unique pickup and dropoff locations
trip_data[["PULocationID", "DOLocationID"]].nunique()
        <Profiling data>:
        None
        <Execution time>: inf
        <Execution output>: The rewritten code resulted in a runtime error. An error occurred while executing the following cell:
------------------
%LoadCheckpoint /scratch/jieq/pandax/ds_notebooks/nyc-taxi/src/small_bench/checkpoints/post_cell_26.pickle

import numpy as np
if os.getenv("USE_GPU") == "True":
    import cudf
from elastic.core.common.pandas import is_type_styler
is_orig_output_pd = isinstance(orig_output, (pd.Series, pd.DataFrame, pd.Index))
is_opt_output_pd = isinstance(opt_output, (pd.Series, pd.DataFrame, pd.Index))
if os.getenv("USE_GPU") == "True":
    is_orig_output_array = isinstance(orig_output, (cudf.pandas._wrappers.numpy.ndarray, np.ndarray))
    is_opt_output_array = isinstance(opt_output, (cudf.pandas._wrappers.numpy.ndarray, np.ndarray))
else:
    is_orig_output_array = isinstance(orig_output, np.ndarray)
    is_opt_output_array = isinstance(opt_output, np.ndarray)

is_orig_output_styler = is_type_styler(type(orig_output))
is_opt_output_styler = is_type_styler(type(opt_output))
if is_orig_output_styler and is_opt_output_styler:
    assert orig_output.to_html() == opt_output.to_html()
elif is_orig_output_styler:
    assert orig_output.to_html() == opt_output.to_html()
elif is_opt_output_styler:
    assert opt_output.to_html() == orig_output

if is_orig_output_pd and is_opt_output_pd:
    assert orig_output.equals(opt_output)
# TODO: this is a hack.
elif ((is_orig_output_pd or is_opt_output_pd) and (is_orig_output_array or is_opt_output_array)) or (is_orig_output_array and is_opt_output_array):
    assert list(orig_output) == list(opt_output)
else:
    assert orig_output == opt_output

------------------

----- stdout -----
trying: ['payment_type_category_count']
me:  51
trying: ['Path']
me:  0
trying: ['orig_output']
me:  54
trying: ['pd']
me:  0
trying: ['categorical_variables']
me:  45
trying: ['trip_data']
----- stdout -----
me:  41
trying: ['file_loc']
me:  1
trying: ['BENCHMARKS_TO_PATHS']
me:  0
trying: ['benchmark_name']
me:  1
trying: ['factor']
me:  1
trying: ['continuous_columns']
me:  23
trying: ['map_payment_type']
me:  17
----- stdout -----
Declaring variable Path
Declaring variable pd
Declaring variable BENCHMARKS_TO_PATHS
Declaring variable file_loc
Declaring variable benchmark_name
Declaring variable factor
Declaring variable map_payment_type
Declaring variable continuous_columns
Declaring variable trip_data
Declaring variable categorical_variables
Declaring variable payment_type_category_count
Declaring variable orig_output
------------------

[0;31m---------------------------------------------------------------------------[0m
[0;31mException[0m                                 Traceback (most recent call last)
File [0;32m/scratch/jieq/conda-envs/rapids-26.02/lib/python3.10/site-packages/cudf/pandas/fast_slow_proxy.py:1124[0m, in [0;36m_fast_slow_function_call[0;34m(func, transfer_block, *args, **kwargs)[0m
[1;32m   1122[0m [38;5;28;01mif[39;00m result [38;5;129;01mis[39;00m [38;5;28mNotImplemented[39m:
[1;32m   1123[0m     [38;5;66;03m# try slow path[39;00m
[0;32m-> 1124[0m     [38;5;28;01mraise[39;00m [38;5;167;01mException[39;00m()
[1;32m   1125[0m fast [38;5;241m=[39m [38;5;28;01mTrue[39;00m

[0;31mException[0m: 

During handling of the above exception, another exception occurred:

[0;31mValueError[0m                                Traceback (most recent call last)
Cell [0;32mIn[9], line 31[0m
[1;32m     29[0m     [38;5;28;01massert[39;00m [38;5;28mlist[39m(orig_output) [38;5;241m==[39m [38;5;28mlist[39m(opt_output)
[1;32m     30[0m [38;5;28;01melse[39;00m:
[0;32m---> 31[0m     [38;5;28;01massert[39;00m [43morig_output[49m[43m [49m[38;5;241;43m==[39;49m[43m [49m[43mopt_output[49m

File [0;32m/scratch/jieq/conda-envs/rapids-26.02/lib/python3.10/site-packages/cudf/pandas/fast_slow_proxy.py:813[0m, in [0;36m_CallableProxyMixin.__call__[0;34m(self, *args, **kwargs)[0m
[1;32m    812[0m [38;5;28;01mdef[39;00m[38;5;250m [39m[38;5;21m__call__[39m([38;5;28mself[39m, [38;5;241m*[39margs, [38;5;241m*[39m[38;5;241m*[39mkwargs) [38;5;241m-[39m[38;5;241m>[39m Any:
[0;32m--> 813[0m     result, _ [38;5;241m=[39m [43m_fast_slow_function_call[49m[43m([49m
[1;32m    814[0m [43m        [49m[38;5;66;43;03m# We cannot directly call self here because we need it to be[39;49;00m
[1;32m    815[0m [43m        [49m[38;5;66;43;03m# converted into either the fast or slow object (by[39;49;00m
[1;32m    816[0m [43m        [49m[38;5;66;43;03m# _fast_slow_function_call) to avoid infinite recursion.[39;49;00m
[1;32m    817[0m [43m        [49m[38;5;66;43;03m# TODO: When Python 3.11 is the minimum supported Python version[39;49;00m
[1;32m    818[0m [43m        [49m[38;5;66;43;03m# this can use operator.call[39;49;00m
[1;32m    819[0m [43m        [49m[43mcall_operator[49m[43m,[49m
[1;32m    820[0m [43m        [49m[38;5;28;43mself[39;49m[38;5;241;43m.[39;49m[43mget_transfer_blocking[49m[43m([49m[43m)[49m[43m,[49m[43m  [49m[38;5;66;43;03m# type: ignore[attr-defined][39;49;00m
[1;32m    821[0m [43m        [49m[38;5;28;43mself[39;49m[43m,[49m
[1;32m    822[0m [43m        [49m[43margs[49m[43m,[49m
[1;32m    823[0m [43m        [49m[43mkwargs[49m[43m,[49m
[1;32m    824[0m [43m    [49m[43m)[49m
[1;32m    825[0m     [38;5;28;01mreturn[39;00m result

File [0;32m/scratch/jieq/conda-envs/rapids-26.02/lib/python3.10/site-packages/cudf/pandas/fast_slow_proxy.py:1175[0m, in [0;36m_fast_slow_function_call[0;34m(func, transfer_block, *args, **kwargs)[0m
[1;32m   1173[0m         _slow_function_call()
[1;32m   1174[0m         [38;5;28;01mwith[39;00m disable_module_accelerator():
[0;32m-> 1175[0m             result [38;5;241m=[39m [43mfunc[49m[43m([49m[38;5;241;43m*[39;49m[43mslow_args[49m[43m,[49m[43m [49m[38;5;241;43m*[39;49m[38;5;241;43m*[39;49m[43mslow_kwargs[49m[43m)[49m
[1;32m   1176[0m result [38;5;241m=[39m _maybe_wrap_result(result, func, [38;5;241m*[39margs, [38;5;241m*[39m[38;5;241m*[39mkwargs)
[1;32m   1177[0m [38;5;28;01mif[39;00m block_transfer_to_fast [38;5;129;01mand[39;00m [38;5;28misinstance[39m(result, _FastSlowProxy):

File [0;32m/scratch/jieq/conda-envs/rapids-26.02/lib/python3.10/site-packages/cudf/pandas/fast_slow_proxy.py:30[0m, in [0;36mcall_operator[0;34m(fn, args, kwargs)[0m
[1;32m     29[0m [38;5;28;01mdef[39;00m[38;5;250m [39m[38;5;21mcall_operator[39m(fn, args, kwargs):
[0;32m---> 30[0m     [38;5;28;01mreturn[39;00m [43mfn[49m[43m([49m[38;5;241;43m*[39;49m[43margs[49m[43m,[49m[43m [49m[38;5;241;43m*[39;49m[38;5;241;43m*[39;49m[43mkwargs[49m[43m)[49m

File [0;32m/scratch/jieq/conda-envs/rapids-26.02/lib/python3.10/site-packages/pandas/core/ops/common.py:76[0m, in [0;36m_unpack_zerodim_and_defer.<locals>.new_method[0;34m(self, other)[0m
[1;32m     72[0m             [38;5;28;01mreturn[39;00m [38;5;28mNotImplemented[39m
[1;32m     74[0m other [38;5;241m=[39m item_from_zerodim(other)
[0;32m---> 76[0m [38;5;28;01mreturn[39;00m [43mmethod[49m[43m([49m[38;5;28;43mself[39;49m[43m,[49m[43m [49m[43mother[49m[43m)[49m

File [0;32m/scratch/jieq/conda-envs/rapids-26.02/lib/python3.10/site-packages/pandas/core/arraylike.py:40[0m, in [0;36mOpsMixin.__eq__[0;34m(self, other)[0m
[1;32m     38[0m [38;5;129m@unpack_zerodim_and_defer[39m([38;5;124m"[39m[38;5;124m__eq__[39m[38;5;124m"[39m)
[1;32m     39[0m [38;5;28;01mdef[39;00m[38;5;250m [39m[38;5;21m__eq__[39m([38;5;28mself[39m, other):
[0;32m---> 40[0m     [38;5;28;01mreturn[39;00m [38;5;28;43mself[39;49m[38;5;241;43m.[39;49m[43m_cmp_method[49m[43m([49m[43mother[49m[43m,[49m[43m [49m[43moperator[49m[38;5;241;43m.[39;49m[43meq[49m[43m)[49m

File [0;32m/scratch/jieq/conda-envs/rapids-26.02/lib/python3.10/site-packages/pandas/core/series.py:6121[0m, in [0;36mSeries._cmp_method[0;34m(self, other, op)[0m
[1;32m   6117[0m rvalues [38;5;241m=[39m extract_array(other, extract_numpy[38;5;241m=[39m[38;5;28;01mTrue[39;00m, extract_range[38;5;241m=[39m[38;5;28;01mTrue[39;00m)
[1;32m   6119[0m res_values [38;5;241m=[39m ops[38;5;241m.[39mcomparison_op(lvalues, rvalues, op)
[0;32m-> 6121[0m [38;5;28;01mreturn[39;00m [38;5;28;43mself[39;49m[38;5;241;43m.[39;49m[43m_construct_result[49m[43m([49m[43mres_values[49m[43m,[49m[43m [49m[43mname[49m[38;5;241;43m=[39;49m[43mres_name[49m[43m)[49m

File [0;32m/scratch/jieq/conda-envs/rapids-26.02/lib/python3.10/site-packages/pandas/core/series.py:6231[0m, in [0;36mSeries._construct_result[0;34m(self, result, name)[0m
[1;32m   6228[0m [38;5;66;03m# TODO: result should always be ArrayLike, but this fails for some[39;00m
[1;32m   6229[0m [38;5;66;03m#  JSONArray tests[39;00m
[1;32m   6230[0m dtype [38;5;241m=[39m [38;5;28mgetattr[39m(result, [38;5;124m"[39m[38;5;124mdtype[39m[38;5;124m"[39m, [38;5;28;01mNone[39;00m)
[0;32m-> 6231[0m out [38;5;241m=[39m [38;5;28;43mself[39;49m[38;5;241;43m.[39;49m[43m_constructor[49m[43m([49m[43mresult[49m[43m,[49m[43m [49m[43mindex[49m[38;5;241;43m=[39;49m[38;5;28;43mself[39;49m[38;5;241;43m.[39;49m[43mindex[49m[43m,[49m[43m [49m[43mdtype[49m[38;5;241;43m=[39;49m[43mdtype[49m[43m,[49m[43m [49m[43mcopy[49m[38;5;241;43m=[39;49m[38;5;28;43;01mFalse[39;49;00m[43m)[49m
[1;32m   6232[0m out [38;5;241m=[39m out[38;5;241m.[39m__finalize__([38;5;28mself[39m)
[1;32m   6234[0m [38;5;66;03m# Set the result's name after __finalize__ is called because __finalize__[39;00m
[1;32m   6235[0m [38;5;66;03m#  would set it back to self.name[39;00m

File [0;32m/scratch/jieq/conda-envs/rapids-26.02/lib/python3.10/site-packages/pandas/core/series.py:584[0m, in [0;36mSeries.__init__[0;34m(self, data, index, dtype, name, copy, fastpath)[0m
[1;32m    582[0m         data [38;5;241m=[39m data[38;5;241m.[39mcopy()
[1;32m    583[0m [38;5;28;01melse[39;00m:
[0;32m--> 584[0m     data [38;5;241m=[39m [43msanitize_array[49m[43m([49m[43mdata[49m[43m,[49m[43m [49m[43mindex[49m[43m,[49m[43m [49m[43mdtype[49m[43m,[49m[43m [49m[43mcopy[49m[43m)[49m
[1;32m    586[0m     manager [38;5;241m=[39m _get_option([38;5;124m"[39m[38;5;124mmode.data_manager[39m[38;5;124m"[39m, silent[38;5;241m=[39m[38;5;28;01mTrue[39;00m)
[1;32m    587[0m     [38;5;28;01mif[39;00m manager [38;5;241m==[39m [38;5;124m"[39m[38;5;124mblock[39m[38;5;124m"[39m:

File [0;32m/scratch/jieq/conda-envs/rapids-26.02/lib/python3.10/site-packages/pandas/core/construction.py:659[0m, in [0;36msanitize_array[0;34m(data, index, dtype, copy, allow_2d)[0m
[1;32m    656[0m             subarr [38;5;241m=[39m cast(np[38;5;241m.[39mndarray, subarr)
[1;32m    657[0m             subarr [38;5;241m=[39m maybe_infer_to_datetimelike(subarr)
[0;32m--> 659[0m subarr [38;5;241m=[39m [43m_sanitize_ndim[49m[43m([49m[43msubarr[49m[43m,[49m[43m [49m[43mdata[49m[43m,[49m[43m [49m[43mdtype[49m[43m,[49m[43m [49m[43mindex[49m[43m,[49m[43m [49m[43mallow_2d[49m[38;5;241;43m=[39;49m[43mallow_2d[49m[43m)[49m
[1;32m    661[0m [38;5;28;01mif[39;00m [38;5;28misinstance[39m(subarr, np[38;5;241m.[39mndarray):
[1;32m    662[0m     [38;5;66;03m# at this point we should have dtype be None or subarr.dtype == dtype[39;00m
[1;32m    663[0m     dtype [38;5;241m=[39m cast(np[38;5;241m.[39mdtype, dtype)

File [0;32m/scratch/jieq/conda-envs/rapids-26.02/lib/python3.10/site-packages/pandas/core/construction.py:718[0m, in [0;36m_sanitize_ndim[0;34m(result, data, dtype, index, allow_2d)[0m
[1;32m    716[0m     [38;5;28;01mif[39;00m allow_2d:
[1;32m    717[0m         [38;5;28;01mreturn[39;00m result
[0;32m--> 718[0m     [38;5;28;01mraise[39;00m [38;5;167;01mValueError[39;00m(
[1;32m    719[0m         [38;5;124mf[39m[38;5;124m"[39m[38;5;124mData must be 1-dimensional, got ndarray of shape [39m[38;5;132;01m{[39;00mdata[38;5;241m.[39mshape[38;5;132;01m}[39;00m[38;5;124m instead[39m[38;5;124m"[39m
[1;32m    720[0m     )
[1;32m    721[0m [38;5;28;01mif[39;00m is_object_dtype(dtype) [38;5;129;01mand[39;00m [38;5;28misinstance[39m(dtype, ExtensionDtype):
[1;32m    722[0m     [38;5;66;03m# i.e. NumpyEADtype("O")[39;00m
[1;32m    724[0m     result [38;5;241m=[39m com[38;5;241m.[39masarray_tuplesafe(data, dtype[38;5;241m=[39mnp[38;5;241m.[39mdtype([38;5;124m"[39m[38;5;124mobject[39m[38;5;124m"[39m))

[0;31mValueError[0m: Data must be 1-dimensional, got ndarray of shape (2, 2) instead

        <Iteration>: 2/5
    
==========Running the manager agent to decide the next step==========
Choice: new
Reason: The rewritten code resulted in an error and cannot be repaired easily. I'll attempt to optimize the original code directly.
Generating new code from the original code
Prompt: 
        <Original Code>:
        ### cell 26 ###

# let's see the number of categories available in both pickup and dropoff location - PULocationID and DOLocationID
(
    trip_data["PULocationID"].value_counts().shape,
    trip_data["DOLocationID"].value_counts().shape,
)
        <Profiling data>:
                             Function  GPU calls  CPU calls
0       DataFrame.__getitem__          2          0
1  IndexOpsMixin.value_counts          2          0
2                      Series          1          0

        <Execution time>: 66.1
        <Active vars>: []

        <Future vars>: ['trip_data']

        <Iteration>: 2/5
    
Code: (
    trip_data['PULocationID'].nunique(),
    trip_data['DOLocationID'].nunique(),
)
Reason: Using `.nunique()` avoids the full `value_counts()` aggregation and sort, reducing work on the GPU and directly returning the count of unique categories.
Parsed response: (
    trip_data['PULocationID'].nunique(),
    trip_data['DOLocationID'].nunique(),
)
Try 1: calling rewrite agent for cell 26 took 10.229417562484741 seconds.
Executing rewritten code... ### cell 26 ###

(
    trip_data['PULocationID'].nunique(),
    trip_data['DOLocationID'].nunique(),
)
Running rewritten cell notebook
Test failed. An error occurred while executing the following cell:
------------------
%LoadCheckpoint /scratch/jieq/pandax/ds_notebooks/nyc-taxi/src/small_bench/checkpoints/post_cell_26.pickle

import numpy as np
if os.getenv("USE_GPU") == "True":
    import cudf
from elastic.core.common.pandas import is_type_styler
is_orig_output_pd = isinstance(orig_output, (pd.Series, pd.DataFrame, pd.Index))
is_opt_output_pd = isinstance(opt_output, (pd.Series, pd.DataFrame, pd.Index))
if os.getenv("USE_GPU") == "True":
    is_orig_output_array = isinstance(orig_output, (cudf.pandas._wrappers.numpy.ndarray, np.ndarray))
    is_opt_output_array = isinstance(opt_output, (cudf.pandas._wrappers.numpy.ndarray, np.ndarray))
else:
    is_orig_output_array = isinstance(orig_output, np.ndarray)
    is_opt_output_array = isinstance(opt_output, np.ndarray)

is_orig_output_styler = is_type_styler(type(orig_output))
is_opt_output_styler = is_type_styler(type(opt_output))
if is_orig_output_styler and is_opt_output_styler:
    assert orig_output.to_html() == opt_output.to_html()
elif is_orig_output_styler:
    assert orig_output.to_html() == opt_output.to_html()
elif is_opt_output_styler:
    assert opt_output.to_html() == orig_output

if is_orig_output_pd and is_opt_output_pd:
    assert orig_output.equals(opt_output)
# TODO: this is a hack.
elif ((is_orig_output_pd or is_opt_output_pd) and (is_orig_output_array or is_opt_output_array)) or (is_orig_output_array and is_opt_output_array):
    assert list(orig_output) == list(opt_output)
else:
    assert orig_output == opt_output

------------------

----- stdout -----
trying: ['payment_type_category_count']
me:  51
trying: ['Path']
me:  0
trying: ['orig_output']
me:  54
trying: ['pd']
me:  0
trying: ['categorical_variables']
me:  45
trying: ['trip_data']
----- stdout -----
me:  41
trying: ['file_loc']
me:  1
trying: ['BENCHMARKS_TO_PATHS']
me:  0
trying: ['benchmark_name']
me:  1
trying: ['factor']
me:  1
trying: ['continuous_columns']
me:  23
trying: ['map_payment_type']
me:  17
----- stdout -----
Declaring variable Path
Declaring variable pd
Declaring variable BENCHMARKS_TO_PATHS
Declaring variable file_loc
Declaring variable benchmark_name
Declaring variable factor
Declaring variable map_payment_type
Declaring variable continuous_columns
Declaring variable trip_data
Declaring variable categorical_variables
Declaring variable payment_type_category_count
Declaring variable orig_output
------------------

[0;31m---------------------------------------------------------------------------[0m
[0;31mAssertionError[0m                            Traceback (most recent call last)
Cell [0;32mIn[9], line 31[0m
[1;32m     29[0m     [38;5;28;01massert[39;00m [38;5;28mlist[39m(orig_output) [38;5;241m==[39m [38;5;28mlist[39m(opt_output)
[1;32m     30[0m [38;5;28;01melse[39;00m:
[0;32m---> 31[0m     [38;5;28;01massert[39;00m orig_output [38;5;241m==[39m opt_output

[0;31mAssertionError[0m: 

Rewritten time: inf ms
========================================================
Rewriting cell 26... Try 2... 
Manager agent prompt:  
        <Original Code>:
        ### cell 26 ###

# let's see the number of categories available in both pickup and dropoff location - PULocationID and DOLocationID
(
    trip_data["PULocationID"].value_counts().shape,
    trip_data["DOLocationID"].value_counts().shape,
)
        <Profiling data>:
                             Function  GPU calls  CPU calls
0       DataFrame.__getitem__          2          0
1  IndexOpsMixin.value_counts          2          0
2                      Series          1          0
        <Execution time>: 66.1
        <Active Vars>: []
        <Future Vars>: ['trip_data']
        <Rewritten Code>:
        ### cell 26 ###

(
    trip_data['PULocationID'].nunique(),
    trip_data['DOLocationID'].nunique(),
)
        <Profiling data>:
        None
        <Execution time>: inf
        <Execution output>: The rewritten code was not equivalent to the original code. An error occurred while executing the following cell:
------------------
%LoadCheckpoint /scratch/jieq/pandax/ds_notebooks/nyc-taxi/src/small_bench/checkpoints/post_cell_26.pickle

import numpy as np
if os.getenv("USE_GPU") == "True":
    import cudf
from elastic.core.common.pandas import is_type_styler
is_orig_output_pd = isinstance(orig_output, (pd.Series, pd.DataFrame, pd.Index))
is_opt_output_pd = isinstance(opt_output, (pd.Series, pd.DataFrame, pd.Index))
if os.getenv("USE_GPU") == "True":
    is_orig_output_array = isinstance(orig_output, (cudf.pandas._wrappers.numpy.ndarray, np.ndarray))
    is_opt_output_array = isinstance(opt_output, (cudf.pandas._wrappers.numpy.ndarray, np.ndarray))
else:
    is_orig_output_array = isinstance(orig_output, np.ndarray)
    is_opt_output_array = isinstance(opt_output, np.ndarray)

is_orig_output_styler = is_type_styler(type(orig_output))
is_opt_output_styler = is_type_styler(type(opt_output))
if is_orig_output_styler and is_opt_output_styler:
    assert orig_output.to_html() == opt_output.to_html()
elif is_orig_output_styler:
    assert orig_output.to_html() == opt_output.to_html()
elif is_opt_output_styler:
    assert opt_output.to_html() == orig_output

if is_orig_output_pd and is_opt_output_pd:
    assert orig_output.equals(opt_output)
# TODO: this is a hack.
elif ((is_orig_output_pd or is_opt_output_pd) and (is_orig_output_array or is_opt_output_array)) or (is_orig_output_array and is_opt_output_array):
    assert list(orig_output) == list(opt_output)
else:
    assert orig_output == opt_output

------------------

----- stdout -----
trying: ['payment_type_category_count']
me:  51
trying: ['Path']
me:  0
trying: ['orig_output']
me:  54
trying: ['pd']
me:  0
trying: ['categorical_variables']
me:  45
trying: ['trip_data']
----- stdout -----
me:  41
trying: ['file_loc']
me:  1
trying: ['BENCHMARKS_TO_PATHS']
me:  0
trying: ['benchmark_name']
me:  1
trying: ['factor']
me:  1
trying: ['continuous_columns']
me:  23
trying: ['map_payment_type']
me:  17
----- stdout -----
Declaring variable Path
Declaring variable pd
Declaring variable BENCHMARKS_TO_PATHS
Declaring variable file_loc
Declaring variable benchmark_name
Declaring variable factor
Declaring variable map_payment_type
Declaring variable continuous_columns
Declaring variable trip_data
Declaring variable categorical_variables
Declaring variable payment_type_category_count
Declaring variable orig_output
------------------

[0;31m---------------------------------------------------------------------------[0m
[0;31mAssertionError[0m                            Traceback (most recent call last)
Cell [0;32mIn[9], line 31[0m
[1;32m     29[0m     [38;5;28;01massert[39;00m [38;5;28mlist[39m(orig_output) [38;5;241m==[39m [38;5;28mlist[39m(opt_output)
[1;32m     30[0m [38;5;28;01melse[39;00m:
[0;32m---> 31[0m     [38;5;28;01massert[39;00m orig_output [38;5;241m==[39m opt_output

[0;31mAssertionError[0m: 

        <Iteration>: 3/5
    
==========Running the manager agent to decide the next step==========
Choice: new
Reason: The rewritten code resulted in an error because it used 'nunique()' which is not equivalent to 'value_counts().shape'. Since the rewritten code was not effective and caused errors, we should attempt to create new optimized code from the original.
Generating new code from the original code
Prompt: 
        <Original Code>:
        ### cell 26 ###

# let's see the number of categories available in both pickup and dropoff location - PULocationID and DOLocationID
(
    trip_data["PULocationID"].value_counts().shape,
    trip_data["DOLocationID"].value_counts().shape,
)
        <Profiling data>:
                             Function  GPU calls  CPU calls
0       DataFrame.__getitem__          2          0
1  IndexOpsMixin.value_counts          2          0
2                      Series          1          0

        <Execution time>: 66.1
        <Active vars>: []

        <Future vars>: ['trip_data']

        <Iteration>: 3/5
    
Code: # Compute the number of unique pickup and dropoff location IDs in one pass
ttrip_data[['PULocationID', 'DOLocationID']].nunique()
Reason: Using DataFrame.nunique() on both columns at once avoids constructing full value_counts for each column and only returns the cardinality. This reduces GPU work and memory overhead by collapsing two passes into one, yielding the same information (number of distinct categories) more efficiently.
Parsed response: # Compute the number of unique pickup and dropoff location IDs in one pass
ttrip_data[['PULocationID', 'DOLocationID']].nunique()
Try 2: calling rewrite agent for cell 26 took 22.23996877670288 seconds.
Executing rewritten code... ### cell 26 ###

# Compute the number of unique pickup and dropoff location IDs in one pass
ttrip_data[['PULocationID', 'DOLocationID']].nunique()
Running rewritten cell notebook
An unexpected error occurred Execution failed in cell %%RecordEvent
%%time
### cell 26 ###

# Compute the number of unique pickup and dropoff location IDs in one pass
ttrip_data[['PULocationID', 'DOLocationID']].nunique(): name 'ttrip_data' is not defined
Rewritten time: inf ms
========================================================
Rewriting cell 26... Try 3... 
Manager agent prompt:  
        <Original Code>:
        ### cell 26 ###

# let's see the number of categories available in both pickup and dropoff location - PULocationID and DOLocationID
(
    trip_data["PULocationID"].value_counts().shape,
    trip_data["DOLocationID"].value_counts().shape,
)
        <Profiling data>:
                             Function  GPU calls  CPU calls
0       DataFrame.__getitem__          2          0
1  IndexOpsMixin.value_counts          2          0
2                      Series          1          0
        <Execution time>: 66.1
        <Active Vars>: []
        <Future Vars>: ['trip_data']
        <Rewritten Code>:
        ### cell 26 ###

# Compute the number of unique pickup and dropoff location IDs in one pass
ttrip_data[['PULocationID', 'DOLocationID']].nunique()
        <Profiling data>:
        None
        <Execution time>: inf
        <Execution output>: The rewritten code resulted in a runtime error. Execution failed in cell %%RecordEvent
%%time
### cell 26 ###

# Compute the number of unique pickup and dropoff location IDs in one pass
ttrip_data[['PULocationID', 'DOLocationID']].nunique(): name 'ttrip_data' is not defined
        <Iteration>: 4/5
    
==========Running the manager agent to decide the next step==========
Choice: new
Reason: The rewritten code has a runtime error due to an undefined variable 'ttrip_data', so it's not usable. Instead of repairing, we should generate a new code from the original.
Generating new code from the original code
Prompt: 
        <Original Code>:
        ### cell 26 ###

# let's see the number of categories available in both pickup and dropoff location - PULocationID and DOLocationID
(
    trip_data["PULocationID"].value_counts().shape,
    trip_data["DOLocationID"].value_counts().shape,
)
        <Profiling data>:
                             Function  GPU calls  CPU calls
0       DataFrame.__getitem__          2          0
1  IndexOpsMixin.value_counts          2          0
2                      Series          1          0

        <Execution time>: 66.1
        <Active vars>: []

        <Future vars>: ['trip_data']

        <Iteration>: 4/5
    
Code: (
    trip_data['PULocationID'].nunique(),
    trip_data['DOLocationID'].nunique(),
)
Reason: Replaced two full value_counts() calls (which build the entire count distribution) with .nunique(), which directly computes the number of unique categories on the GPU in one pass per column, avoiding unnecessary work and reducing overall runtime.
Parsed response: (
    trip_data['PULocationID'].nunique(),
    trip_data['DOLocationID'].nunique(),
)
Try 3: calling rewrite agent for cell 26 took 18.290510654449463 seconds.
Executing rewritten code... ### cell 26 ###

(
    trip_data['PULocationID'].nunique(),
    trip_data['DOLocationID'].nunique(),
)
Running rewritten cell notebook
Test failed. An error occurred while executing the following cell:
------------------
%LoadCheckpoint /scratch/jieq/pandax/ds_notebooks/nyc-taxi/src/small_bench/checkpoints/post_cell_26.pickle

import numpy as np
if os.getenv("USE_GPU") == "True":
    import cudf
from elastic.core.common.pandas import is_type_styler
is_orig_output_pd = isinstance(orig_output, (pd.Series, pd.DataFrame, pd.Index))
is_opt_output_pd = isinstance(opt_output, (pd.Series, pd.DataFrame, pd.Index))
if os.getenv("USE_GPU") == "True":
    is_orig_output_array = isinstance(orig_output, (cudf.pandas._wrappers.numpy.ndarray, np.ndarray))
    is_opt_output_array = isinstance(opt_output, (cudf.pandas._wrappers.numpy.ndarray, np.ndarray))
else:
    is_orig_output_array = isinstance(orig_output, np.ndarray)
    is_opt_output_array = isinstance(opt_output, np.ndarray)

is_orig_output_styler = is_type_styler(type(orig_output))
is_opt_output_styler = is_type_styler(type(opt_output))
if is_orig_output_styler and is_opt_output_styler:
    assert orig_output.to_html() == opt_output.to_html()
elif is_orig_output_styler:
    assert orig_output.to_html() == opt_output.to_html()
elif is_opt_output_styler:
    assert opt_output.to_html() == orig_output

if is_orig_output_pd and is_opt_output_pd:
    assert orig_output.equals(opt_output)
# TODO: this is a hack.
elif ((is_orig_output_pd or is_opt_output_pd) and (is_orig_output_array or is_opt_output_array)) or (is_orig_output_array and is_opt_output_array):
    assert list(orig_output) == list(opt_output)
else:
    assert orig_output == opt_output

------------------

----- stdout -----
trying: ['payment_type_category_count']
me:  51
trying: ['Path']
me:  0
trying: ['orig_output']
me:  54
trying: ['pd']
me:  0
trying: ['categorical_variables']
me:  45
trying: ['trip_data']
----- stdout -----
me:  41
trying: ['file_loc']
me:  1
trying: ['BENCHMARKS_TO_PATHS']
me:  0
trying: ['benchmark_name']
me:  1
trying: ['factor']
me:  1
trying: ['continuous_columns']
me:  23
trying: ['map_payment_type']
me:  17
----- stdout -----
Declaring variable Path
Declaring variable pd
Declaring variable BENCHMARKS_TO_PATHS
Declaring variable file_loc
Declaring variable benchmark_name
Declaring variable factor
Declaring variable map_payment_type
Declaring variable continuous_columns
Declaring variable trip_data
Declaring variable categorical_variables
Declaring variable payment_type_category_count
Declaring variable orig_output
------------------

[0;31m---------------------------------------------------------------------------[0m
[0;31mAssertionError[0m                            Traceback (most recent call last)
Cell [0;32mIn[9], line 31[0m
[1;32m     29[0m     [38;5;28;01massert[39;00m [38;5;28mlist[39m(orig_output) [38;5;241m==[39m [38;5;28mlist[39m(opt_output)
[1;32m     30[0m [38;5;28;01melse[39;00m:
[0;32m---> 31[0m     [38;5;28;01massert[39;00m orig_output [38;5;241m==[39m opt_output

[0;31mAssertionError[0m: 

Rewritten time: inf ms
========================================================
Rewriting cell 26... Try 4... 
Manager agent prompt:  
        <Original Code>:
        ### cell 26 ###

# let's see the number of categories available in both pickup and dropoff location - PULocationID and DOLocationID
(
    trip_data["PULocationID"].value_counts().shape,
    trip_data["DOLocationID"].value_counts().shape,
)
        <Profiling data>:
                             Function  GPU calls  CPU calls
0       DataFrame.__getitem__          2          0
1  IndexOpsMixin.value_counts          2          0
2                      Series          1          0
        <Execution time>: 66.1
        <Active Vars>: []
        <Future Vars>: ['trip_data']
        <Rewritten Code>:
        ### cell 26 ###

(
    trip_data['PULocationID'].nunique(),
    trip_data['DOLocationID'].nunique(),
)
        <Profiling data>:
        None
        <Execution time>: inf
        <Execution output>: The rewritten code was not equivalent to the original code. An error occurred while executing the following cell:
------------------
%LoadCheckpoint /scratch/jieq/pandax/ds_notebooks/nyc-taxi/src/small_bench/checkpoints/post_cell_26.pickle

import numpy as np
if os.getenv("USE_GPU") == "True":
    import cudf
from elastic.core.common.pandas import is_type_styler
is_orig_output_pd = isinstance(orig_output, (pd.Series, pd.DataFrame, pd.Index))
is_opt_output_pd = isinstance(opt_output, (pd.Series, pd.DataFrame, pd.Index))
if os.getenv("USE_GPU") == "True":
    is_orig_output_array = isinstance(orig_output, (cudf.pandas._wrappers.numpy.ndarray, np.ndarray))
    is_opt_output_array = isinstance(opt_output, (cudf.pandas._wrappers.numpy.ndarray, np.ndarray))
else:
    is_orig_output_array = isinstance(orig_output, np.ndarray)
    is_opt_output_array = isinstance(opt_output, np.ndarray)

is_orig_output_styler = is_type_styler(type(orig_output))
is_opt_output_styler = is_type_styler(type(opt_output))
if is_orig_output_styler and is_opt_output_styler:
    assert orig_output.to_html() == opt_output.to_html()
elif is_orig_output_styler:
    assert orig_output.to_html() == opt_output.to_html()
elif is_opt_output_styler:
    assert opt_output.to_html() == orig_output

if is_orig_output_pd and is_opt_output_pd:
    assert orig_output.equals(opt_output)
# TODO: this is a hack.
elif ((is_orig_output_pd or is_opt_output_pd) and (is_orig_output_array or is_opt_output_array)) or (is_orig_output_array and is_opt_output_array):
    assert list(orig_output) == list(opt_output)
else:
    assert orig_output == opt_output

------------------

----- stdout -----
trying: ['payment_type_category_count']
me:  51
trying: ['Path']
me:  0
trying: ['orig_output']
me:  54
trying: ['pd']
me:  0
trying: ['categorical_variables']
me:  45
trying: ['trip_data']
----- stdout -----
me:  41
trying: ['file_loc']
me:  1
trying: ['BENCHMARKS_TO_PATHS']
me:  0
trying: ['benchmark_name']
me:  1
trying: ['factor']
me:  1
trying: ['continuous_columns']
me:  23
trying: ['map_payment_type']
me:  17
----- stdout -----
Declaring variable Path
Declaring variable pd
Declaring variable BENCHMARKS_TO_PATHS
Declaring variable file_loc
Declaring variable benchmark_name
Declaring variable factor
Declaring variable map_payment_type
Declaring variable continuous_columns
Declaring variable trip_data
Declaring variable categorical_variables
Declaring variable payment_type_category_count
Declaring variable orig_output
------------------

[0;31m---------------------------------------------------------------------------[0m
[0;31mAssertionError[0m                            Traceback (most recent call last)
Cell [0;32mIn[9], line 31[0m
[1;32m     29[0m     [38;5;28;01massert[39;00m [38;5;28mlist[39m(orig_output) [38;5;241m==[39m [38;5;28mlist[39m(opt_output)
[1;32m     30[0m [38;5;28;01melse[39;00m:
[0;32m---> 31[0m     [38;5;28;01massert[39;00m orig_output [38;5;241m==[39m opt_output

[0;31mAssertionError[0m: 

        <Iteration>: 5/5
    
==========Running the manager agent to decide the next step==========
Choice: new
Reason: The rewritten code was not equivalent to the original code and caused an error. With no further iterations available and infinite execution time, a new approach might yield better results.
Generating new code from the original code
Prompt: 
        <Original Code>:
        ### cell 26 ###

# let's see the number of categories available in both pickup and dropoff location - PULocationID and DOLocationID
(
    trip_data["PULocationID"].value_counts().shape,
    trip_data["DOLocationID"].value_counts().shape,
)
        <Profiling data>:
                             Function  GPU calls  CPU calls
0       DataFrame.__getitem__          2          0
1  IndexOpsMixin.value_counts          2          0
2                      Series          1          0

        <Execution time>: 66.1
        <Active vars>: []

        <Future vars>: ['trip_data']

        <Iteration>: 5/5
    
Code: (
    trip_data['PULocationID'].nunique(),
    trip_data['DOLocationID'].nunique(),
)
Reason: Replacing value_counts().shape (which computes and sorts all counts) with nunique() directly computes the number of unique categories without the overhead of counting each occurrence and sorting, reducing GPU calls and improving performance.
Parsed response: (
    trip_data['PULocationID'].nunique(),
    trip_data['DOLocationID'].nunique(),
)
Try 4: calling rewrite agent for cell 26 took 23.10935688018799 seconds.
Executing rewritten code... ### cell 26 ###

(
    trip_data['PULocationID'].nunique(),
    trip_data['DOLocationID'].nunique(),
)
Running rewritten cell notebook
Test failed. An error occurred while executing the following cell:
------------------
%LoadCheckpoint /scratch/jieq/pandax/ds_notebooks/nyc-taxi/src/small_bench/checkpoints/post_cell_26.pickle

import numpy as np
if os.getenv("USE_GPU") == "True":
    import cudf
from elastic.core.common.pandas import is_type_styler
is_orig_output_pd = isinstance(orig_output, (pd.Series, pd.DataFrame, pd.Index))
is_opt_output_pd = isinstance(opt_output, (pd.Series, pd.DataFrame, pd.Index))
if os.getenv("USE_GPU") == "True":
    is_orig_output_array = isinstance(orig_output, (cudf.pandas._wrappers.numpy.ndarray, np.ndarray))
    is_opt_output_array = isinstance(opt_output, (cudf.pandas._wrappers.numpy.ndarray, np.ndarray))
else:
    is_orig_output_array = isinstance(orig_output, np.ndarray)
    is_opt_output_array = isinstance(opt_output, np.ndarray)

is_orig_output_styler = is_type_styler(type(orig_output))
is_opt_output_styler = is_type_styler(type(opt_output))
if is_orig_output_styler and is_opt_output_styler:
    assert orig_output.to_html() == opt_output.to_html()
elif is_orig_output_styler:
    assert orig_output.to_html() == opt_output.to_html()
elif is_opt_output_styler:
    assert opt_output.to_html() == orig_output

if is_orig_output_pd and is_opt_output_pd:
    assert orig_output.equals(opt_output)
# TODO: this is a hack.
elif ((is_orig_output_pd or is_opt_output_pd) and (is_orig_output_array or is_opt_output_array)) or (is_orig_output_array and is_opt_output_array):
    assert list(orig_output) == list(opt_output)
else:
    assert orig_output == opt_output

------------------

----- stdout -----
trying: ['payment_type_category_count']
me:  51
trying: ['Path']
me:  0
trying: ['orig_output']
me:  54
trying: ['pd']
me:  0
trying: ['categorical_variables']
me:  45
trying: ['trip_data']
----- stdout -----
me:  41
trying: ['file_loc']
me:  1
trying: ['BENCHMARKS_TO_PATHS']
me:  0
trying: ['benchmark_name']
me:  1
trying: ['factor']
me:  1
trying: ['continuous_columns']
me:  23
trying: ['map_payment_type']
me:  17
----- stdout -----
Declaring variable Path
Declaring variable pd
Declaring variable BENCHMARKS_TO_PATHS
Declaring variable file_loc
Declaring variable benchmark_name
Declaring variable factor
Declaring variable map_payment_type
Declaring variable continuous_columns
Declaring variable trip_data
Declaring variable categorical_variables
Declaring variable payment_type_category_count
Declaring variable orig_output
------------------

[0;31m---------------------------------------------------------------------------[0m
[0;31mAssertionError[0m                            Traceback (most recent call last)
Cell [0;32mIn[9], line 31[0m
[1;32m     29[0m     [38;5;28;01massert[39;00m [38;5;28mlist[39m(orig_output) [38;5;241m==[39m [38;5;28mlist[39m(opt_output)
[1;32m     30[0m [38;5;28;01melse[39;00m:
[0;32m---> 31[0m     [38;5;28;01massert[39;00m orig_output [38;5;241m==[39m opt_output

[0;31mAssertionError[0m: 

Rewritten time: inf ms
Could not rewrite the cell. Continuing to next cell...
========================================================
After rewriting cell  26
Rewritten post-checkpoint path: /scratch/jieq/pandax/ds_notebooks/nyc-taxi/src/small_bench/checkpoints/post_cell_26.pickle
========================================================
Cell 26 rewriting took 466.6357798576355 seconds.
Getting original timing for cell 27
Original time for cell 27 took 189.12671065330505 seconds.
Setting initially best_rewritten_post_checkpoint_path:  /scratch/jieq/pandax/ds_notebooks/nyc-taxi/src/small_bench/checkpoints/post_cell_27.pickle
========================================================
Rewriting cell 27... Try 0... 
Manager agent prompt:  
        <Original Code>:
        ### cell 27 ###

# create routes column using PULocationID and DOLocationID with lambda function
trip_data["routes"] = trip_data.apply(
    lambda x: str(x["PULocationID"]) + "-" + str(x["DOLocationID"]), axis=1
)
        <Profiling data>:
                        Function  GPU calls  CPU calls
0        DataFrame.apply          0          1
1  DataFrame.__setitem__          1          0

        <Execution time>: 82000.0
        <Active vars>: ['trip_data']

        <Future vars>: []

        <Iteration>: 1/5
    
==========Running the manager agent to decide the next step==========
Choice: new
Reason: The original code is using DataFrame.apply with a lambda function, which is not the most efficient approach for creating new columns in Pandas. Optimizing this by seeking a vectorized operation is advisable.
Generating new code from the original code
Prompt: 
        <Original Code>:
        ### cell 27 ###

# create routes column using PULocationID and DOLocationID with lambda function
trip_data["routes"] = trip_data.apply(
    lambda x: str(x["PULocationID"]) + "-" + str(x["DOLocationID"]), axis=1
)
        <Profiling data>:
                        Function  GPU calls  CPU calls
0        DataFrame.apply          0          1
1  DataFrame.__setitem__          1          0

        <Execution time>: 82000.0
        <Active vars>: ['trip_data']

        <Future vars>: []

        <Iteration>: 1/5
    
Code: # Vectorized string concatenation using cuDF string methods
trip_data["routes"] = (
    trip_data["PULocationID"].astype("str")
        .str.cat(trip_data["DOLocationID"].astype("str"), sep="-")
)
Reason: Replaced the row-wise apply (which runs on the CPU) with a fully vectorized GPU operation using cuDF's string concatenation. Casting each numeric column to string and using str.cat with a separator="-" eliminates the expensive Python-level lambda and leverages GPU acceleration.
Parsed response: # Vectorized string concatenation using cuDF string methods
trip_data["routes"] = (
    trip_data["PULocationID"].astype("str")
        .str.cat(trip_data["DOLocationID"].astype("str"), sep="-")
)
Try 0: calling rewrite agent for cell 27 took 6.137167692184448 seconds.
Executing rewritten code... ### cell 27 ###

# Vectorized string concatenation using cuDF string methods
trip_data["routes"] = (
    trip_data["PULocationID"].astype("str")
        .str.cat(trip_data["DOLocationID"].astype("str"), sep="-")
)
Running rewritten cell notebook
Finished executing the rewritten code.
Try 0: executing the rewritten code for cell 27 took 581.3298087120056 seconds.
Rewritten time: 29.8 ms
The rewritten code is correct. Profiling cudf...
Try 0: cudf profiling the rewritten code for cell 27 took 16.03653049468994 seconds.
gpu_calls_orig_perc: 0.5, gpu_calls_opt_perc: 1.0
orig_time: 82000.0, opt_time: 29.8
Both the call ratio and the time are better.
Rewritten code took 29.8ms. The previous fastest solution took 82000.0ms.
Previous best solution num GPU and CPU calls:  1 1
New solution num GPU and CPU calls:  7 0
Accepted the rewritten code.
Setting best_rewritten_post_checkpoint_path to  /scratch/jieq/pandax/ds_notebooks/nyc-taxi/src/rewritten/o4_mini_high_small/checkpoints/post_cell_27_try_0.pickle
========================================================
Rewriting cell 27... Try 1... 
Manager agent prompt:  
        <Original Code>:
        ### cell 27 ###

# create routes column using PULocationID and DOLocationID with lambda function
trip_data["routes"] = trip_data.apply(
    lambda x: str(x["PULocationID"]) + "-" + str(x["DOLocationID"]), axis=1
)
        <Profiling data>:
                        Function  GPU calls  CPU calls
0        DataFrame.apply          0          1
1  DataFrame.__setitem__          1          0
        <Execution time>: 82000.0
        <Active Vars>: ['trip_data']
        <Future Vars>: []
        <Rewritten Code>:
        ### cell 27 ###

# Vectorized string concatenation using cuDF string methods
trip_data["routes"] = (
    trip_data["PULocationID"].astype("str")
        .str.cat(trip_data["DOLocationID"].astype("str"), sep="-")
)
        <Profiling data>:
                        Function  GPU calls  CPU calls
0  DataFrame.__getitem__          2          0
1         NDFrame.astype          2          0
2                 Series          1          0
3      StringMethods.cat          1          0
4  DataFrame.__setitem__          1          0
        <Execution time>: 29.8
        <Execution output>: Rewritten time: 29.8 ms
Original time: 82000.0 ms
        <Iteration>: 2/5
    
==========Running the manager agent to decide the next step==========
Choice: optimize
Reason: Though the rewritten code shows significant improvement, there might be additional optimizations or more efficient use of APIs to explore.
Code optimizer prompt:  
        <Original Code>:
        ### cell 27 ###

# Vectorized string concatenation using cuDF string methods
trip_data["routes"] = (
    trip_data["PULocationID"].astype("str")
        .str.cat(trip_data["DOLocationID"].astype("str"), sep="-")
)
        <Profiling data>:
                        Function  GPU calls  CPU calls
0  DataFrame.__getitem__          2          0
1         NDFrame.astype          2          0
2                 Series          1          0
3      StringMethods.cat          1          0
4  DataFrame.__setitem__          1          0

        <Execution time>: 29.8
        <Active vars>: ['trip_data']

        <Future vars>: []

        <Iteration>: 2/5
    
Optimizing the last generated code
No Modifications made to the original code
Try 1: calling rewrite agent for cell 27 took 23.54265260696411 seconds.
========================================================
After rewriting cell  27
Rewritten post-checkpoint path: /scratch/jieq/pandax/ds_notebooks/nyc-taxi/src/rewritten/o4_mini_high_small/checkpoints/post_cell_27_try_0.pickle
========================================================
Cell 27 rewriting took 816.201336145401 seconds.
Getting original timing for cell 28
Original time for cell 28 took 88.07118463516235 seconds.
Setting initially best_rewritten_post_checkpoint_path:  /scratch/jieq/pandax/ds_notebooks/nyc-taxi/src/small_bench/checkpoints/post_cell_28.pickle
========================================================
Rewriting cell 28... Try 0... 
Manager agent prompt:  
        <Original Code>:
        ### cell 28 ###

trip_data.head()
        <Profiling data>:
                     Function  GPU calls  CPU calls
0        NDFrame.head          1          0
1  DataFrame.__repr__          1          0

        <Execution time>: 2.5
        <Active vars>: []

        <Future vars>: ['trip_data']

        <Iteration>: 1/5
    
==========Running the manager agent to decide the next step==========
Choice: new
Reason: The code consists of a call to `.head()`, which is generally used for debugging or quick viewing of data. Since `.head()` operations cannot be optimized meaningfully, focus on optimizing future code involving 'trip_data' when it's used for computational tasks.
Generating new code from the original code
Prompt: 
        <Original Code>:
        ### cell 28 ###

trip_data.head()
        <Profiling data>:
                     Function  GPU calls  CPU calls
0        NDFrame.head          1          0
1  DataFrame.__repr__          1          0

        <Execution time>: 2.5
        <Active vars>: []

        <Future vars>: ['trip_data']

        <Iteration>: 1/5
    
Code: done
Reason: trip_data.head() is already a GPU-accelerated operation via cudf.pandas and does not require further optimization.
No Modifications made to the original code
Try 0: calling rewrite agent for cell 28 took 5.365971565246582 seconds.
There is no need to rewrite the cell.
Could not rewrite the cell. Continuing to next cell...
========================================================
After rewriting cell  28
Rewritten post-checkpoint path: /scratch/jieq/pandax/ds_notebooks/nyc-taxi/src/small_bench/checkpoints/post_cell_28.pickle
========================================================
Cell 28 rewriting took 93.43933773040771 seconds.
Getting original timing for cell 29
Original time for cell 29 took 88.07361888885498 seconds.
Setting initially best_rewritten_post_checkpoint_path:  /scratch/jieq/pandax/ds_notebooks/nyc-taxi/src/small_bench/checkpoints/post_cell_29.pickle
========================================================
Rewriting cell 29... Try 0... 
Manager agent prompt:  
        <Original Code>:
        ### cell 29 ###

# look into value_counts of 'passenger_count'
trip_data["passenger_count"].value_counts()
        <Profiling data>:
                             Function  GPU calls  CPU calls
0       DataFrame.__getitem__          1          0
1  IndexOpsMixin.value_counts          1          0
2             Series.__repr__          1          0
3        NDFrame._repr_latex_          0          1

        <Execution time>: 52.5
        <Active vars>: []

        <Future vars>: ['trip_data']

        <Iteration>: 1/5
    
==========Running the manager agent to decide the next step==========
Choice: done
Reason: The code is performing a simple value count operation for analysis purposes, which is already efficient and likely doesn't offer room for optimization within the context of debugging or data exploration tasks.
Code is already optimized
Try 0: calling rewrite agent for cell 29 took 1.1233694553375244 seconds.
There is no need to rewrite the cell.
Could not rewrite the cell. Continuing to next cell...
========================================================
After rewriting cell  29
Rewritten post-checkpoint path: /scratch/jieq/pandax/ds_notebooks/nyc-taxi/src/small_bench/checkpoints/post_cell_29.pickle
========================================================
Cell 29 rewriting took 89.1991822719574 seconds.
Getting original timing for cell 30
Original time for cell 30 took 130.0966453552246 seconds.
Setting initially best_rewritten_post_checkpoint_path:  /scratch/jieq/pandax/ds_notebooks/nyc-taxi/src/small_bench/checkpoints/post_cell_30.pickle
========================================================
Rewriting cell 30... Try 0... 
Manager agent prompt:  
        <Original Code>:
        ### cell 30 ###

# restricted_fare_amount_data dataframe formation by filtering fare_amount less than 50 dollars
restricted_fare_amount_data = trip_data.loc[trip_data["fare_amount"] <= 50]
restricted_fare_amount_data.shape
        <Profiling data>:
                               Function  GPU calls  CPU calls
0         DataFrame.__getitem__          1          0
1               OpsMixin.__le__          1          0
2  _LocationIndexer.__getitem__          1          0

        <Execution time>: 31.2
        <Active vars>: []

        <Future vars>: ['trip_data']

        <Iteration>: 1/5
    
==========Running the manager agent to decide the next step==========
Choice: new
Reason: Since this is the first iteration and no rewritten code is provided, we should attempt to optimize the original code for potential performance improvements.
Generating new code from the original code
Prompt: 
        <Original Code>:
        ### cell 30 ###

# restricted_fare_amount_data dataframe formation by filtering fare_amount less than 50 dollars
restricted_fare_amount_data = trip_data.loc[trip_data["fare_amount"] <= 50]
restricted_fare_amount_data.shape
        <Profiling data>:
                               Function  GPU calls  CPU calls
0         DataFrame.__getitem__          1          0
1               OpsMixin.__le__          1          0
2  _LocationIndexer.__getitem__          1          0

        <Execution time>: 31.2
        <Active vars>: []

        <Future vars>: ['trip_data']

        <Iteration>: 1/5
    
Code: done
Reason: The filtering operation is already fully vectorized and executed on the GPU via cudf. No further optimizations are needed for this step.
No Modifications made to the original code
Try 0: calling rewrite agent for cell 30 took 6.182584762573242 seconds.
There is no need to rewrite the cell.
Could not rewrite the cell. Continuing to next cell...
========================================================
After rewriting cell  30
Rewritten post-checkpoint path: /scratch/jieq/pandax/ds_notebooks/nyc-taxi/src/small_bench/checkpoints/post_cell_30.pickle
========================================================
Cell 30 rewriting took 136.28162717819214 seconds.
Getting original timing for cell 31
Original time for cell 31 took 191.12625765800476 seconds.
Setting initially best_rewritten_post_checkpoint_path:  /scratch/jieq/pandax/ds_notebooks/nyc-taxi/src/small_bench/checkpoints/post_cell_31.pickle
========================================================
Rewriting cell 31... Try 0... 
Manager agent prompt:  
        <Original Code>:
        ### cell 31 ###

# restricted_total_amount_data for filtering total_amount data to less than 50 dollars
restricted_total_amount_data = trip_data.loc[trip_data["total_amount"] <= 50]
restricted_total_amount_data.shape
        <Profiling data>:
                               Function  GPU calls  CPU calls
0         DataFrame.__getitem__          1          0
1               OpsMixin.__le__          1          0
2  _LocationIndexer.__getitem__          1          0

        <Execution time>: 20.2
        <Active vars>: []

        <Future vars>: ['trip_data']

        <Iteration>: 1/5
    
==========Running the manager agent to decide the next step==========
Choice: new
Reason: The original code is basic and can potentially be optimized further, especially since there are remaining iterations to explore new implementations.
Generating new code from the original code
Prompt: 
        <Original Code>:
        ### cell 31 ###

# restricted_total_amount_data for filtering total_amount data to less than 50 dollars
restricted_total_amount_data = trip_data.loc[trip_data["total_amount"] <= 50]
restricted_total_amount_data.shape
        <Profiling data>:
                               Function  GPU calls  CPU calls
0         DataFrame.__getitem__          1          0
1               OpsMixin.__le__          1          0
2  _LocationIndexer.__getitem__          1          0

        <Execution time>: 20.2
        <Active vars>: []

        <Future vars>: ['trip_data']

        <Iteration>: 1/5
    
Code: done
Reason: The operation is fully GPU-based and uses vectorized filtering. No further optimization is needed.
No Modifications made to the original code
Try 0: calling rewrite agent for cell 31 took 8.065445184707642 seconds.
There is no need to rewrite the cell.
Could not rewrite the cell. Continuing to next cell...
========================================================
After rewriting cell  31
Rewritten post-checkpoint path: /scratch/jieq/pandax/ds_notebooks/nyc-taxi/src/small_bench/checkpoints/post_cell_31.pickle
========================================================
Cell 31 rewriting took 199.19411253929138 seconds.
Getting original timing for cell 32
Original time for cell 32 took 306.1838903427124 seconds.
Setting initially best_rewritten_post_checkpoint_path:  /scratch/jieq/pandax/ds_notebooks/nyc-taxi/src/small_bench/checkpoints/post_cell_32.pickle
========================================================
Rewriting cell 32... Try 0... 
Manager agent prompt:  
        <Original Code>:
        ### cell 32 ###

restricted_tip_amount_data = trip_data.loc[trip_data["tip_amount"] < 10]
restricted_total_taxes_data = trip_data.loc[trip_data["total_taxes"] < 10]
restricted_tip_amount_data.shape, restricted_total_taxes_data.shape
        <Profiling data>:
                               Function  GPU calls  CPU calls
0         DataFrame.__getitem__          2          0
1               OpsMixin.__lt__          2          0
2  _LocationIndexer.__getitem__          2          0

        <Execution time>: 124.0
        <Active vars>: []

        <Future vars>: ['trip_data']

        <Iteration>: 1/5
    
==========Running the manager agent to decide the next step==========
Choice: new
Reason: The code currently performs filtering operations, and no rewritten code is provided. There is room to optimize these operations using libraries like `cudf` to leverage GPU acceleration, which can significantly improve performance. Let's optimize the original code.
Generating new code from the original code
Prompt: 
        <Original Code>:
        ### cell 32 ###

restricted_tip_amount_data = trip_data.loc[trip_data["tip_amount"] < 10]
restricted_total_taxes_data = trip_data.loc[trip_data["total_taxes"] < 10]
restricted_tip_amount_data.shape, restricted_total_taxes_data.shape
        <Profiling data>:
                               Function  GPU calls  CPU calls
0         DataFrame.__getitem__          2          0
1               OpsMixin.__lt__          2          0
2  _LocationIndexer.__getitem__          2          0

        <Execution time>: 124.0
        <Active vars>: []

        <Future vars>: ['trip_data']

        <Iteration>: 1/5
    
Code: done
Reason: The filtering is already fully vectorized on the GPU (boolean indexing) with no CPU operations, so there’s no further optimization needed here.
No Modifications made to the original code
Try 0: calling rewrite agent for cell 32 took 9.655098915100098 seconds.
There is no need to rewrite the cell.
Could not rewrite the cell. Continuing to next cell...
========================================================
After rewriting cell  32
Rewritten post-checkpoint path: /scratch/jieq/pandax/ds_notebooks/nyc-taxi/src/small_bench/checkpoints/post_cell_32.pickle
========================================================
Cell 32 rewriting took 315.8414218425751 seconds.
Getting original timing for cell 33
Original time for cell 33 took 349.19864296913147 seconds.
Setting initially best_rewritten_post_checkpoint_path:  /scratch/jieq/pandax/ds_notebooks/nyc-taxi/src/small_bench/checkpoints/post_cell_33.pickle
========================================================
Rewriting cell 33... Try 0... 
Manager agent prompt:  
        <Original Code>:
        ### cell 33 ###

# create a new series using value_counts() on 'PULocationID'
pickup_location_value_counts = trip_data["PULocationID"].value_counts()
# show the series
pickup_location_value_counts.head()
        <Profiling data>:
                             Function  GPU calls  CPU calls
0       DataFrame.__getitem__          1          0
1  IndexOpsMixin.value_counts          1          0
2                NDFrame.head          1          0
3             Series.__repr__          1          0
4        NDFrame._repr_latex_          0          1

        <Execution time>: 62.8
        <Active vars>: ['pickup_location_value_counts']

        <Future vars>: ['trip_data']

        <Iteration>: 1/5
    
==========Running the manager agent to decide the next step==========
Choice: new
Reason: The current code is performing a basic operation that can potentially be optimized using GPU-accelerated libraries such as cuDF, given the usage of pandas-like operations on a DataFrame. As we are in the first iteration, there's room to explore optimizations and generate a new version by leveraging faster alternatives.
Generating new code from the original code
Prompt: 
        <Original Code>:
        ### cell 33 ###

# create a new series using value_counts() on 'PULocationID'
pickup_location_value_counts = trip_data["PULocationID"].value_counts()
# show the series
pickup_location_value_counts.head()
        <Profiling data>:
                             Function  GPU calls  CPU calls
0       DataFrame.__getitem__          1          0
1  IndexOpsMixin.value_counts          1          0
2                NDFrame.head          1          0
3             Series.__repr__          1          0
4        NDFrame._repr_latex_          0          1

        <Execution time>: 62.8
        <Active vars>: ['pickup_location_value_counts']

        <Future vars>: ['trip_data']

        <Iteration>: 1/5
    
Code: done
Reason: The current implementation already uses vectorized value_counts() and head(), both GPU-accelerated via cudf.pandas. No further optimization is needed.
No Modifications made to the original code
Try 0: calling rewrite agent for cell 33 took 5.926924705505371 seconds.
There is no need to rewrite the cell.
Could not rewrite the cell. Continuing to next cell...
========================================================
After rewriting cell  33
Rewritten post-checkpoint path: /scratch/jieq/pandax/ds_notebooks/nyc-taxi/src/small_bench/checkpoints/post_cell_33.pickle
========================================================
Cell 33 rewriting took 355.12800574302673 seconds.
Getting original timing for cell 34
Original time for cell 34 took 348.20746088027954 seconds.
Setting initially best_rewritten_post_checkpoint_path:  /scratch/jieq/pandax/ds_notebooks/nyc-taxi/src/small_bench/checkpoints/post_cell_34.pickle
========================================================
Rewriting cell 34... Try 0... 
Manager agent prompt:  
        <Original Code>:
        ### cell 34 ###

# top 10 frequent pickup locations using .nlargest(10).index
top_10_frequent_pickup_locations = pickup_location_value_counts.nlargest(10).index
top_10_frequent_pickup_locations
        <Profiling data>:
                  Function  GPU calls  CPU calls
0  Series.nlargest          1          0
1           Series          1          0
2   Index.__repr__          1          0

        <Execution time>: 8.71
        <Active vars>: []

        <Future vars>: ['trip_data']

        <Iteration>: 1/5
    
==========Running the manager agent to decide the next step==========
Choice: new
Reason: There is no rewritten code, and we can attempt to optimize the original code potentially using alternatives to `.nlargest()` or other efficiency improvements.
Generating new code from the original code
Prompt: 
        <Original Code>:
        ### cell 34 ###

# top 10 frequent pickup locations using .nlargest(10).index
top_10_frequent_pickup_locations = pickup_location_value_counts.nlargest(10).index
top_10_frequent_pickup_locations
        <Profiling data>:
                  Function  GPU calls  CPU calls
0  Series.nlargest          1          0
1           Series          1          0
2   Index.__repr__          1          0

        <Execution time>: 8.71
        <Active vars>: []

        <Future vars>: ['trip_data']

        <Iteration>: 1/5
    
Code: done
Reason: Series.nlargest and accessing .index are already executed on the GPU with no CPU calls; no further optimization is needed.
No Modifications made to the original code
Try 0: calling rewrite agent for cell 34 took 5.7599711418151855 seconds.
There is no need to rewrite the cell.
Could not rewrite the cell. Continuing to next cell...
========================================================
After rewriting cell  34
Rewritten post-checkpoint path: /scratch/jieq/pandax/ds_notebooks/nyc-taxi/src/small_bench/checkpoints/post_cell_34.pickle
========================================================
Cell 34 rewriting took 353.96981501579285 seconds.
Getting original timing for cell 35
Original time for cell 35 took 391.2292459011078 seconds.
Setting initially best_rewritten_post_checkpoint_path:  /scratch/jieq/pandax/ds_notebooks/nyc-taxi/src/small_bench/checkpoints/post_cell_35.pickle
========================================================
Rewriting cell 35... Try 0... 
Manager agent prompt:  
        <Original Code>:
        ### cell 35 ###

# create restricted_duration dataframe with .loc on 'duration' column
restricted_duration = trip_data.loc[trip_data["duration"] < 50]
restricted_duration.shape
        <Profiling data>:
                               Function  GPU calls  CPU calls
0         DataFrame.__getitem__          1          0
1               OpsMixin.__lt__          1          0
2  _LocationIndexer.__getitem__          1          0

        <Execution time>: 98.0
        <Active vars>: []

        <Future vars>: []

        <Iteration>: 1/5
    
==========Running the manager agent to decide the next step==========
Choice: new
Reason: The original code can be optimized further using alternatives for data selection, considering our iteration availability.
Generating new code from the original code
Prompt: 
        <Original Code>:
        ### cell 35 ###

# create restricted_duration dataframe with .loc on 'duration' column
restricted_duration = trip_data.loc[trip_data["duration"] < 50]
restricted_duration.shape
        <Profiling data>:
                               Function  GPU calls  CPU calls
0         DataFrame.__getitem__          1          0
1               OpsMixin.__lt__          1          0
2  _LocationIndexer.__getitem__          1          0

        <Execution time>: 98.0
        <Active vars>: []

        <Future vars>: []

        <Iteration>: 1/5
    
Code: done
Reason: The filtering operation is already fully vectorized and executed on the GPU under cudf. No CPU operations are involved, and using .loc for boolean indexing is optimal here.
No Modifications made to the original code
Try 0: calling rewrite agent for cell 35 took 8.30602765083313 seconds.
There is no need to rewrite the cell.
Could not rewrite the cell. Continuing to next cell...
========================================================
After rewriting cell  35
Rewritten post-checkpoint path: /scratch/jieq/pandax/ds_notebooks/nyc-taxi/src/small_bench/checkpoints/post_cell_35.pickle
========================================================
Cell 35 rewriting took 399.5374825000763 seconds.
Small rewritten notebook saved to /scratch/jieq/pandax/ds_notebooks/nyc-taxi/src/rewritten/o4_mini_high_small.ipynb
Replaced factor in cell with 1
Rewritten notebook saved to /scratch/jieq/pandax/ds_notebooks/nyc-taxi/src/rewritten/o4_mini_high.ipynb
Rewrote notebook in 11690.704218626022 seconds
Status: SUCCESS
Finished: Mon Mar 30 02:03:59 AM PDT 2026

