factor_3,factor_4,factor_5,factor_6,original_times,error_percentages,absolute_error,predicted_times
1420.0,2240.0,2770.0,3330.0,6370.0,0.07645211930926217,487.0,5883.0
10700.0,14100.0,17700.0,20700.0,37300.0,0.08096514745308331,3020.0000000000073,34279.99999999999
1800.0,2330.0,2890.0,3430.0,5850.0,0.04102564102564118,240.0000000000009,5609.999999999999
