factor_900,factor_1200,factor_1500,factor_1800,original_times,error_percentages,absolute_error,predicted_times
623.0,929.0,1160.0,1300.0,2150.0,0.04516279069767438,97.09999999999991,2247.1
6.4,9.44,8.8,11.4,13.8,0.2252173913043476,3.107999999999997,16.907999999999998
115.0,122.0,133.0,132.0,130.0,0.22769230769230764,29.599999999999994,159.6
