factor_3,factor_4,factor_5,factor_6,original_times,error_percentages,absolute_error,predicted_times
2100.0,2350.0,4030.0000000000005,5110.0,9230.0,0.00628385698808234,58.0,9288.0
12.1,14.9,17.8,22.4,32.1,0.1024922118380062,3.289999999999999,35.39
