factor_3,factor_4,factor_5,factor_6,original_times,error_percentages,absolute_error,predicted_times
8640.0,7300.0,1610.0,3770.0,35000.0,0.8477142857142858,29670.0,5330.0
50.3,34.0,29.2,45.6,236.0,0.8314618644067796,196.225,39.775
30.4,36.0,29.9,66.5,118.0,0.17872881355932208,21.090000000000003,96.91
