factor_3,factor_4,factor_5,factor_6,original_times,error_percentages,absolute_error,predicted_times
8510.0,11000.0,12600.0,13600.0,21500.0,0.0369302325581397,794.0000000000036,20705.999999999996
1760.0,2300.0,3040.0,390.0,6460.0,0.7101393188854489,4587.5,1872.5
200.0,286.0,374.0,463.0,811.0,0.002589395807644771,2.099999999999909,813.0999999999999
5.38,5.35,5.86,5.47,6.08,0.09292763157894743,0.5650000000000004,5.515
4.88,3.61,4.36,4.13,14.8,0.7131756756756756,10.555,4.245
135.0,157.0,196.0,256.0,437.0,0.0684210526315789,29.899999999999977,407.1
355.0,352.0,421.0,647.0,2680.0,0.6404850746268657,1716.5,963.4999999999999
