factor_3,factor_4,factor_5,factor_6,original_times,error_percentages,absolute_error,predicted_times
76.5,52.8,58.0,136.0,172.0,0.5300872093023256,91.175,80.825
60.7,45.4,49.7,47.1,63.7,0.20368916797488226,12.975000000000001,50.725
