factor_3,factor_4,factor_5,factor_6,original_times,error_percentages,absolute_error,predicted_times
8410.0,11200.0,14000.0,16800.0,9380.0,1.9835820895522385,18605.999999999996,27985.999999999996
1790.0,2410.0,3030.0,3650.0,1600.0,2.83125,4530.0,6130.0
198.0,286.0,373.0,457.0,820.0,0.019878048780488027,16.300000000000182,803.6999999999998
5.07,5.2,6.01,5.78,5.69,0.2534270650263619,1.4419999999999993,7.132
4.9,5.37,5.39,5.94,5.4,0.31981481481481483,1.7270000000000003,7.127000000000001
24.0,23.7,20.7,20.5,28.4,0.21742957746478864,6.174999999999997,22.225
246.0,246.0,251.0,279.0,1700.0,0.8160588235294117,1387.3,312.7
