factor_900,factor_1200,factor_1500,factor_1800,original_times,error_percentages,absolute_error,predicted_times
187.0,241.0,353.0,396.0,632.0,0.10870253164556934,68.69999999999982,700.6999999999998
696.0,919.0,1170.0,1370.0,2280.0,0.003903508771929665,8.899999999999636,2288.8999999999996
291.0,411.0,466.0,526.0,992.0,0.15171370967741946,150.5000000000001,841.4999999999999
