factor_3,factor_4,factor_5,factor_6,original_times,error_percentages,absolute_error,predicted_times
8600.0,11000.0,1540.0,3750.0,44200.0,0.8592194570135746,37977.5,6222.5
1800.0,218.0,251.0,344.0,6480.0,0.8991898148148149,5826.75,653.25
199.0,284.0,372.0,460.0,807.0,0.00099132589838918,0.8000000000000682,807.8000000000001
5.58,5.4,6.14,5.9,5.48,0.22080291970802934,1.2100000000000009,6.690000000000001
1280.0,1720.0,2150.0,2610.0,4600.0,0.049782608695652174,229.0,4371.0
25.6,11.1,10.4,11.3,29.0,0.49655172413793097,14.399999999999999,14.600000000000001
166.0,164.0,181.0,618.0,944.0,0.09894067796610155,93.39999999999986,1037.3999999999999
