factor_3,factor_4,factor_5,factor_6,original_times,error_percentages,absolute_error,predicted_times
1440.0,1880.0,2320.0,2780.0,4590.0,0.006971677559912854,32.0,4558.0
28.1,23.5,21.1,21.6,29.5,0.20084745762711856,5.924999999999997,23.575000000000003
6.19,5.57,5.02,5.33,5.81,0.04862306368330461,0.28249999999999975,5.5275
147.0,127.0,123.0,123.0,173.0,0.24855491329479767,43.0,130.0
