factor_3,factor_4,factor_5,factor_6,original_times,error_percentages,absolute_error,predicted_times
52.2,36.8,38.1,111.0,662.0,0.910083081570997,602.475,59.525
181.0,153.0,166.0,180.0,1790.0,0.9050279329608939,1620.0,170.0
