factor_750,factor_1000,factor_1250,factor_1500,original_times,error_percentages,absolute_error,predicted_times
145.0,202.0,231.0,284.0,448.0,0.028571428571428217,12.79999999999984,460.79999999999984
24.9,31.9,36.7,44.0,70.2,0.023789173789173813,1.6700000000000017,68.53
253.0,323.0,381.0,449.0,715.0,0.011468531468531532,8.200000000000045,706.8
258.0,319.0,390.0,468.0,720.0,0.03374999999999978,24.29999999999984,744.2999999999998
198.0,265.0,332.0,399.0,658.0,0.013677811550151976,9.0,667.0
181.0,256.0,379.0,461.0,758.0,0.1199208443271769,90.90000000000009,848.9000000000001
